{"_id":"64009b4ddc5682f414ae950c","UserID":857834,"IsDeleted":false,"Props":{"styles":{"e62":{"type":"FormField","lg":{"root":{"width":"270"}},"additionalControls":["text"]},"e56":{"type":"Button","lg":{"root":{"width":"180","height":"40","backgroundColor":"#0473b8","fontSize":"20px","alignSelf":"center"},"rootHover":{"color":"rgba(255, 255, 255, 1)","paddingTop":"0","borderStyle":"solid","width":"180","height":"40","fontWeight":"normal","paddingRight":"0","fontSize":"20px","fontFamily":"Arial, 'Helvetica Neue', Helvetica, sans-serif;","backgroundColor":"#0473b8","borderColor":"#0091ff","paddingLeft":"0","borderWidth":"1","lineHeight":"30","paddingBottom":"0","letterSpacing":0,"borderRadius":"26"},"rootActive":{"color":"rgba(255, 255, 255, 1)","paddingTop":"0","borderStyle":"solid","width":"180","height":"40","fontWeight":"normal","paddingRight":"0","fontSize":"20px","fontFamily":"Arial, 'Helvetica Neue', Helvetica, sans-serif;","backgroundColor":"#0473b8","borderColor":"#0091ff","paddingLeft":"0","borderWidth":"1","lineHeight":"30","paddingBottom":"0","letterSpacing":0,"borderRadius":"26"}}},"e57":{"type":"FormField","lg":{"root":{"width":"270"}},"additionalControls":["text"]},"e15":{"type":"FormField","lg":{"root":{"width":"270","maxWidthUnit":"%"}},"additionalControls":["text"]},"e19":{"type":"FormField","lg":{"root":{"width":"270"}},"additionalControls":["email"]},"e421":{"lg":{"root":{"width":"250","height":"120"}},"type":"FormField","additionalControls":["signature"]},"e422":{"lg":{"root":{"width":30.859329461058955,"height":"auto","widthUnit":"%"}},"type":"FormField","additionalControls":["text"]},"e413":{"ss":{"root":{"width":"270","height":"auto"}},"sml":{"root":{"width":"270","height":"auto"}},"md":{"root":{"width":"270","height":"auto"}},"sm":{"root":{"width":"270","height":"auto"}},"type":"FormField","lg":{"root":{"width":"270","height":"auto"}},"xs":{"root":{"width":"270","height":"auto"}},"additionalControls":["select"],"IsConfiguredDevice":{"md":true,"sml":true,"sm":true,"xs":true,"ss":true}},"e414":{"ss":{"root":{"width":"270","height":"auto"}},"sml":{"root":{"width":"270","height":"auto"}},"md":{"root":{"width":"270","height":"auto"}},"sm":{"root":{"width":"270","height":"auto"}},"type":"FormField","lg":{"root":{"width":"270","height":"auto"}},"xs":{"root":{"width":"270","height":"auto"}},"additionalControls":["number"],"IsConfiguredDevice":{"md":true,"sml":true,"sm":true,"xs":true,"ss":true}},"e415":{"ss":{"root":{"width":"270","height":"auto"}},"sml":{"root":{"width":"270","height":"auto"}},"md":{"root":{"width":"270","height":"auto"}},"sm":{"root":{"width":"270","height":"auto"}},"type":"FormField","lg":{"root":{"width":"270","height":"auto"}},"xs":{"root":{"width":"270","height":"auto"}},"additionalControls":["select"],"IsConfiguredDevice":{"md":true,"sml":true,"sm":true,"xs":true,"ss":true}},"e416":{"ss":{"root":{"width":"270","height":"auto"}},"sml":{"root":{"width":"270","height":"auto"}},"md":{"root":{"width":"270","height":"auto"}},"sm":{"root":{"width":"270","height":"auto"}},"type":"FormField","lg":{"root":{"width":"270","height":"auto"}},"xs":{"root":{"width":"270","height":"auto"}},"additionalControls":["number"],"IsConfiguredDevice":{"md":true,"sml":true,"sm":true,"xs":true,"ss":true}},"e417":{"ss":{"root":{"width":"270","height":"auto"}},"sml":{"root":{"width":"270","height":"auto"}},"md":{"root":{"width":"270","height":"auto"}},"sm":{"root":{"width":"270","height":"auto"}},"type":"FormField","lg":{"root":{"width":"270","height":"auto"}},"xs":{"root":{"width":"270","height":"auto"}},"additionalControls":["number"],"IsConfiguredDevice":{"md":true,"sml":true,"sm":true,"xs":true,"ss":true}},"s47":{"type":"Strip","lg":{"columns":1,"rows":1,"areas":[["Col1"]],"root":{"minHeight":57,"height":"auto"},"row0":57,"row0Unit":"px","ft__Col1":{"lineHeight":14}}},"e419":{"ss":{"root":{"width":249,"height":120,"minWidth":249,"minHeight":120}},"sml":{"root":{"width":249,"height":120,"minWidth":249,"minHeight":120}},"md":{"root":{"width":249,"height":120,"minWidth":249,"minHeight":120}},"sm":{"root":{"width":249,"height":120,"minWidth":249,"minHeight":120}},"type":"FormField","lg":{"root":{"width":"250","height":120,"minHeight":120}},"xs":{"root":{"width":249,"height":120,"minWidth":249,"minHeight":120}},"additionalControls":["signature"],"IsConfiguredDevice":{"md":true,"sml":true,"sm":true,"xs":true,"ss":true}},"s1":{"type":"Strip","lg":{"columns":1,"rows":1,"areas":[["Col1"]],"root":{"minHeight":880.9930572509766,"height":"auto"},"row0":880.9930572509766,"row0Unit":"px"}}},"params":[{"id":"cb6e7bcb-7a68-45e1-9601-bc2754eeb4ca","valueType":"static","name":"bank_code","value":"","paramType":"static"},{"id":"46e9bf51-a31c-497b-8a0c-3cc23006bc94","valueType":"static","name":"branch_code","value":"","paramType":"static"}],"Grid":["s1","s47"],"isSurveyForm":false,"ui":{"Drawer":[],"Modal":[]},"elements":{"e62":{"type":"FormField","props":{"styleRef":"e62","isHavePrefix":false,"valueRule":[{"uid":"0c13cdd8-1c2e-4acf-ab38-d7e68cb275b4","conditions":[{"field":{"value":"p2:e62","label":"מספר נייד לקוח פרטי","uid":"e62","group":"view:p2","type":"FormField","subType":"text"},"operator":"maxlength","valueType":"value","value":"11","bracket":"","post":""},{"field":{"value":"p2:e62","label":"מספר נייד לקוח פרטי","uid":"e62","group":"view:p2","type":"FormField","subType":"text"},"operator":"minlength","valueType":"value","value":"10","bracket":"","post":"and"},{"field":{"value":"p2:e62","label":"מספר נייד לקוח פרטי","uid":"e62","group":"view:p2","type":"FormField","subType":"text"},"operator":"startswith","valueType":"value","value":"05","bracket":"","post":""}],"isAction":false,"message":"מספר לא תקין"}],"tag":"מספר נייד לחזרה","lg":{"variant":"standard","maximumLength":"","fieldMask":"","position":{"left":0,"top":0},"hideErrorIndicator":false,"value":"0507691084","placeholder":"","label":"מספר נייד לחזרה","isHidden":false,"tabOrder":"3","mandatory":true,"isHaveClearIco":false},"control":"text"},"children":[],"parent":"e29"},"e43":{"type":"Typography","props":{"lg":{"text":"פרטי בנק","variant":"subhead","gridArea":"row30","position":{"rightUnit":"px","left":"0","height":30,"leftUnit":"px","bottom":"","heightUnit":"px","maxHeight":"","transform":"","disableInherit":true,"top":"0","zIndex":5,"topUnit":"px","minHeight":"","right":"unset","minHeightUnit":"px"},"isHidden":false},"styleRef":"e318","tag":"פרטי הנפטר"},"children":[],"parent":"e29"},"e56":{"type":"Button","props":{"styleRef":"e56","target":"self","action":[{"uid":"4e313b67-c35f-45df-b1bc-ec4c8491883d","conditions":[],"isAction":false,"actions":{"actionFlow":{"0":{"enabled":true,"list":[{"id":"2dba5d2f-bee8-4810-b99a-0adf70b1730f","type":"input","data":{"label":"Start"},"position":{"x":-395,"y":31}},{"id":"6f73d6a9-68e1-4f16-9a9c-14342329064c","type":"action","actionType":"docGen","tag":"הפקת מסמך","data":{"docGen":{"0":{"enabled":true,"selected":"96a847eb-73c0-4e0a-a98e-1404097c3892","action":"interactive","method":"web"}}},"position":{"x":199,"y":101}},{"id":"790610e5-73a4-436c-a9df-407fcc92f005","type":"action","actionType":"formInteractivity","tag":"validation","data":{"formInteractivity":{"0":{"enabled":true,"form":"p2:e29","action":"Validate fields"}}},"position":{"x":-306,"y":65}},{"id":"1c6f5273-e767-4de4-92e5-e140f7894a5a","type":"action","actionType":"formInteractivity","tag":"set readonly","data":{"formInteractivity":{"0":{"enabled":true,"action":"Read Only Form","form":"p2:e29"}}},"position":{"x":-162,"y":101}},{"id":"67d31c3f-2c3e-4cf8-a0ef-6568ebc202d4","type":"affectElements","actionType":"affectElements","tag":"","data":{"p2:e56":[{"elemType":"Button","type":"disable"}]},"position":{"x":3,"y":103.00000000000001}},{"animated":false,"sourceHandle":"onValid","target":"6f73d6a9-68e1-4f16-9a9c-14342329064c","style":{"strokeDasharray":5},"label":"x","targetHandle":null,"type":"default","source":"e03d89f5-f72d-46a5-92fe-00e9435a65e5","id":"reactflow__edge-e03d89f5-f72d-46a5-92fe-00e9435a65e5onValid-6f73d6a9-68e1-4f16-9a9c-14342329064cnull","labelStyle":{"fontSize":14}},{"sourceHandle":null,"target":"790610e5-73a4-436c-a9df-407fcc92f005","style":{"strokeDasharray":5},"label":"x","targetHandle":"if","type":"default","source":"2dba5d2f-bee8-4810-b99a-0adf70b1730f","id":"ed397fc6-12e0-4b81-b7e1-12c768781c4c","labelStyle":{"fontSize":14}},{"sourceHandle":null,"target":"67d31c3f-2c3e-4cf8-a0ef-6568ebc202d4","style":{"strokeDasharray":5},"label":"x","targetHandle":"if","type":"default","source":"1c6f5273-e767-4de4-92e5-e140f7894a5a","id":"a15b8bbf-e538-4c3b-a969-3a45d05481b7","labelStyle":{"fontSize":14}},{"animated":false,"sourceHandle":null,"target":"6f73d6a9-68e1-4f16-9a9c-14342329064c","style":{"strokeDasharray":5},"label":"x","targetHandle":null,"type":"default","source":"67d31c3f-2c3e-4cf8-a0ef-6568ebc202d4","id":"reactflow__edge-67d31c3f-2c3e-4cf8-a0ef-6568ebc202d4null-6f73d6a9-68e1-4f16-9a9c-14342329064cnull","labelStyle":{"fontSize":14}},{"animated":false,"sourceHandle":"onValid","target":"1c6f5273-e767-4de4-92e5-e140f7894a5a","style":{"strokeDasharray":5},"label":"x","targetHandle":null,"type":"default","source":"790610e5-73a4-436c-a9df-407fcc92f005","id":"reactflow__edge-790610e5-73a4-436c-a9df-407fcc92f005onValid-1c6f5273-e767-4de4-92e5-e140f7894a5anull","labelStyle":{"fontSize":14}}]}}},"modeType":"flow"}],"type":"redirect","lg":{"text":"הבא","gridArea":"row349","variant":"primary","position":{"left":"unset","top":"0","leftUnit":"px","topUnit":"px","right":"0","bottom":"","transform":"","rightUnit":"px"},"allowProgress":false,"isHidden":false,"tabOrder":"14"},"redirect":{"label":"Other","value":"other"},"customURL":""},"children":[],"parent":"e29"},"e13":{"type":"Typography","props":{"lg":{"text":"טופס הוראת קבע","variant":"title","gridArea":"row376","position":{"rightUnit":"px","maxWidth":"","width":"auto","left":"0","height":68,"widthUnit":"px","leftUnit":"px","bottom":"","heightUnit":"px","maxHeight":"","transform":"","bottomUnit":"px","disableInherit":true,"minWidth":"","top":"0","minWidthUnit":"px","topUnit":"px","minHeight":"","right":"","minHeightUnit":"px"},"isHidden":false},"styleRef":"e325"},"children":[],"parent":"e29"},"e57":{"type":"FormField","props":{"styleRef":"e57","valueRule":[{"uid":"f17a387e-54b0-4004-a895-a7b26029a4d9","conditions":[{"field":{"value":"p2:e57","label":"תעודת זהות","uid":"e57","group":"view:p2","type":"FormField","subType":"text"},"operator":"israelID","valueType":"value","value2Type":"value","value":"","value2":"","bracket":"","post":""},{"field":{"value":"p2:e57","label":"תעודת זהות","uid":"e57","group":"view:p2","type":"FormField","subType":"text"},"operator":"minlength","valueType":"value","value":"9","bracket":"","post":""},{"field":{"value":"p2:e57","label":"תעודת זהות","uid":"e57","group":"view:p2","type":"FormField","subType":"text"},"operator":"maxlength","valueType":"value","value":"9","bracket":"","post":""}],"isAction":false,"message":"מספר ת.ז. חייב להכיל 9 ספרות","name":"בדית מספר זהות"}],"tag":"תעודת זהות","lg":{"variant":"standard","position":{"left":0,"top":0},"hideErrorIndicator":false,"value":"310425517","gridArea":"","placeholder":"","label":"תעודת זהות","isHidden":false,"tabOrder":"2","mandatory":true,"isHaveClearIco":false},"control":"text"},"children":[],"parent":"e29"},"e15":{"type":"FormField","props":{"styleRef":"e15","isHavePrefix":false,"isInvisibleByDefault":false,"docGen":{"enable":false},"tag":"שם לקוח מקבל","lg":{"readOnly":false,"variant":"standard","isDisabled":false,"isForceLTR":false,"autoFocus":false,"position":{"rightUnit":"px","left":"0","leftUnit":"px","bottom":"unset","transform":"","bottomUnit":"px","top":"0","zIndex":4,"topUnit":"px","right":"unset"},"hideErrorIndicator":false,"isFixedLabel":false,"disableAutoSuggest":false,"userTip":"","allowCharCount":false,"value":"משה רבי","gridArea":"row30","placeholder":"","label":"שם מלא ","isHidden":false,"tabOrder":"1","mandatory":true,"isHaveClearIco":false},"control":"text"},"children":[],"parent":"e29"},"e29":{"type":"Form","props":{"styleRef":"e29","showSubmitButton":false,"tag":"פרטי לקוח מקבל","lg":{"position":{"left":1,"top":19,"leftUnit":"px","topUnit":"px","right":"","bottom":"","transform":"","bottomUnit":"px"},"usePageBreak":false,"isHiddencol":{"2":false},"pageBreak":9,"gridArea":"Col1","cols":3,"isHidden":false,"rows":10,"isDisableParentResize":false,"children":{"row319":{"index":6,"children":{"col320":{"index":0,"children":["e43","e413","e415","e422","e416"]},"col321":{"index":1,"children":[]},"col388":{"index":2,"children":[]}},"isMerged":true,"isCustomMerged":false},"row361":{"index":14,"children":{"col362":{"index":0,"children":["e420"]},"col363":{"index":1,"children":["e421"]},"col390":{"index":2,"children":["e419"]}},"isMerged":false,"isCustomMerged":false},"row166":{"index":4,"children":{"col167":{"index":0,"children":["e64","e62"]},"col168":{"index":1,"children":["e414"]},"col393":{"index":2,"children":[]}},"isMerged":false,"isCustomMerged":false},"row376":{"index":0,"children":{"col377":{"index":0,"children":["e13"]},"col378":{"index":1,"children":[]},"col394":{"index":2,"children":[]}},"isMerged":true,"isCustomMerged":false},"row322":{"index":5,"children":{"col323":{"index":0,"children":[]},"col324":{"index":1,"children":[]},"col395":{"index":2,"children":[]}},"isMerged":true,"isCustomMerged":false},"row333":{"index":1,"children":{"col334":{"index":0,"children":["e336"]},"col335":{"index":1,"children":[]},"col396":{"index":2,"children":[]}},"isMerged":true,"isCustomMerged":false},"row32":{"index":2,"children":{"col37":{"index":1,"children":["e17","e134","e15"]},"col33":{"index":0,"children":["e417"]},"col397":{"index":2,"children":[],"isHidden":true}},"isCustomMerged":true,"isMerged":false,"mergeList":{"col33":1,"col37":2,"col397":2}},"row355":{"index":9,"children":{"col356":{"index":0,"children":[]},"col357":{"index":1,"children":[]},"col398":{"index":2,"children":[]}},"isMerged":true,"isCustomMerged":false},"row34":{"index":3,"children":{"col38":{"index":1,"children":["e19","e63"]},"col35":{"index":0,"children":["e18","e57"]},"col399":{"index":2,"children":[]}},"isCustomMerged":true,"isMerged":false,"mergeList":{"col35":1,"col38":2,"col399":2}},"row349":{"index":15,"children":{"col350":{"index":0,"children":["e56"]},"col351":{"index":1,"children":[]},"col403":{"index":2,"children":[]}},"isMerged":true,"isCustomMerged":false}}}},"children":["e15","e19","e57","e62","e43","e336","e56","e13","e413","e414","e415","e416","e417","e419","e421","e422"],"parent":"s1"},"e19":{"type":"FormField","props":{"control":"email","lg":{"variant":"standard","position":{"rightUnit":"px","left":"0","leftUnit":"px","bottom":"unset","transform":"","bottomUnit":"px","top":"0","zIndex":1,"topUnit":"px","right":"unset"},"hideErrorIndicator":false,"value":"rabinm1@pelephone.co.il","gridArea":"row34","placeholder":"","label":"דואר אלקטרוני ","isHidden":false,"tabOrder":"4","mandatory":true},"styleRef":"e19","tag":"דואר אלקטרוני"},"children":[],"parent":"e29"},"e421":{"type":"FormField","props":{"control":"signature","lg":{"variant":"standard","position":{"left":0,"top":0,"leftUnit":"px","topUnit":"px","right":"","bottom":"","transform":""},"hideErrorIndicator":false,"value":"","gridArea":"","placeholder":"[נא לחתום כאן]","label":"חתימת הלקוחות ","isHidden":true,"isCompanyMode":false,"drawLine":true,"mandatory":false},"styleRef":"e421","docGen":{"enable":true,"marginBottom":"50","marginLeft":"100"}},"children":[],"parent":"e29"},"e422":{"type":"FormField","props":{"control":"text","lg":{"value":"","label":"מס' סניף ","placeholder":"","variant":"standard","gridArea":"","position":{"left":0,"top":0},"hideErrorIndicator":false,"isHidden":false},"styleRef":"e422","tag":"מספר סניף ערך","isInvisibleByDefault":true},"children":[],"parent":"e29"},"e413":{"type":"FormField","props":{"ss":{"items":"","readOnly":"","variant":"standard","maximumLength":"","isDisabled":"","isDistinct":false,"isRandomize":"","dependentParentPickList":"e140","position":{"left":25,"top":108,"leftUnit":"px","topUnit":"px","right":"","bottom":"","transform":""},"hideErrorIndicator":false,"isFixedLabel":false,"visibleRows":"","isShowLabel":true,"useCustomIcon":false,"value":"","gridArea":"","placeholder":"","hideAsterisk":"","label":"בנק","isHidden":false,"hideValidIndicator":true,"isDisableFilter":false,"tabOrder":"7","mandatory":true,"isHaveClearIco":false,"sfAsDefault":"","dependentPickList":false},"items":[{"label":"Item 1","value":"key1","uid":"b0d95810-dc9e-45f0-a10a-edc00ee523d8"},{"label":"Item 2","value":"key2","uid":"56153dd7-bb55-4e99-8bcd-d7dce47bffa2"},{"label":"Item 3","value":"key3","uid":"af28adea-d42e-4122-8c6b-537f6a637094"}],"styleRef":"e413","addEmpty":false,"sml":{"items":"","readOnly":"","variant":"standard","maximumLength":"","isDisabled":"","isDistinct":false,"isRandomize":"","dependentParentPickList":"e140","position":{"left":424.5,"top":87,"leftUnit":"px","topUnit":"px","right":"","bottom":"","transform":""},"hideErrorIndicator":false,"isFixedLabel":false,"visibleRows":"","isShowLabel":true,"useCustomIcon":false,"value":"","gridArea":"","placeholder":"","hideAsterisk":"","label":"בנק","isHidden":false,"hideValidIndicator":true,"isDisableFilter":false,"tabOrder":"7","mandatory":true,"isHaveClearIco":false,"sfAsDefault":"","dependentPickList":false},"md":{"items":"","readOnly":"","variant":"standard","maximumLength":"","isDisabled":"","isDistinct":false,"isRandomize":"","dependentParentPickList":"e140","position":{"left":120.5,"top":87,"leftUnit":"px","topUnit":"px","right":"","bottom":"","transform":""},"hideErrorIndicator":false,"isFixedLabel":false,"visibleRows":"","isShowLabel":true,"useCustomIcon":false,"value":"","gridArea":"","placeholder":"","hideAsterisk":"","label":"בנק","isHidden":false,"hideValidIndicator":true,"isDisableFilter":false,"tabOrder":"7","mandatory":true,"isHaveClearIco":false,"sfAsDefault":"","dependentPickList":false},"docGen":{"enable":false},"sm":{"items":"","readOnly":"","variant":"standard","maximumLength":"","isDisabled":"","isDistinct":false,"isRandomize":"","dependentParentPickList":"e140","position":{"left":308.5,"top":87,"leftUnit":"px","topUnit":"px","right":"","bottom":"","transform":""},"hideErrorIndicator":false,"isFixedLabel":false,"visibleRows":"","isShowLabel":true,"useCustomIcon":false,"value":"","gridArea":"","placeholder":"","hideAsterisk":"","label":"בנק","isHidden":false,"hideValidIndicator":true,"isDisableFilter":false,"tabOrder":"7","mandatory":true,"isHaveClearIco":false,"sfAsDefault":"","dependentPickList":false},"tag":"בנק","source":"sf","lg":{"variant":"standard","isDistinct":false,"dependentParentPickList":"e140","position":{"left":0,"top":0,"leftUnit":"px","topUnit":"px","right":"","bottom":"","transform":""},"hideErrorIndicator":false,"isFixedLabel":false,"useCustomIcon":false,"value":"","placeholder":"","label":"בנק","isHidden":false,"isDisableFilter":false,"tabOrder":"7","mandatory":true,"isHaveClearIco":false,"dependentPickList":false},"xs":{"items":"","readOnly":"","variant":"standard","maximumLength":"","isDisabled":"","isDistinct":false,"isRandomize":"","dependentParentPickList":"e140","position":{"left":45,"top":108,"leftUnit":"px","topUnit":"px","right":"","bottom":"","transform":""},"hideErrorIndicator":false,"isFixedLabel":false,"visibleRows":"","isShowLabel":true,"useCustomIcon":false,"value":"","gridArea":"","placeholder":"","hideAsterisk":"","label":"בנק","isHidden":false,"hideValidIndicator":true,"isDisableFilter":false,"tabOrder":"7","mandatory":true,"isHaveClearIco":false,"sfAsDefault":"","dependentPickList":false},"control":"select","object":"Bank__c"},"children":[],"parent":"e29"},"e336":{"type":"Typography","props":{"lg":{"text":"פרטים אישיים","variant":"subhead","position":{"rightUnit":"px","maxWidth":"","width":"auto","left":0,"height":30,"widthUnit":"px","leftUnit":"px","bottom":"","heightUnit":"px","transform":"","disableInherit":true,"minWidth":"","top":0,"zIndex":5,"minWidthUnit":"px","topUnit":"px","right":""},"isHidden":false},"styleRef":"e318","tag":"פרטי קרוב המשפחה אליו עובר המנוי"},"children":[],"parent":"e29"},"e414":{"type":"FormField","props":{"control":"number","lg":{"variant":"standard","currencyFormat":"1,200.50","position":{"left":0,"top":0},"hideErrorIndicator":false,"userTip":"במידה וקיים קוד מחמיר- יש להזין קוד אישי בן 4 ספרות","value":"","placeholder":"","label":"קוד מחמיר","isHidden":false,"thousandSymbol":"","tabOrder":"6"},"styleRef":"e414","md":{"readOnly":"","variant":"standard","maximumLength":"","isDisabled":"","currencyFormat":"1,200.50","autoFocus":"","position":{"left":0,"top":0},"hideErrorIndicator":false,"visibleRows":"","isShowLabel":true,"userTip":"במידה וקיים קוד מחמיר- יש להזין קוד אישי בן 4 ספרות","value":"","gridArea":"","placeholder":"","hideAsterisk":"","label":"קוד מחמיר","isHidden":false,"hideValidIndicator":true,"thousandSymbol":"","disallowPaste":"","tabOrder":"6","mandatory":""},"sml":{"readOnly":"","variant":"standard","maximumLength":"","isDisabled":"","currencyFormat":"1,200.50","autoFocus":"","position":{"left":283,"top":0,"topUnit":"px","leftUnit":"px","transform":""},"hideErrorIndicator":false,"visibleRows":"","isShowLabel":true,"userTip":"במידה וקיים קוד מחמיר- יש להזין קוד אישי בן 4 ספרות","value":"","gridArea":"","placeholder":"","hideAsterisk":"","label":"קוד מחמיר","isHidden":false,"hideValidIndicator":true,"thousandSymbol":"","disallowPaste":"","tabOrder":"6","mandatory":""},"sm":{"readOnly":"","variant":"standard","maximumLength":"","isDisabled":"","currencyFormat":"1,200.50","autoFocus":"","position":{"left":167,"top":0,"topUnit":"px","leftUnit":"px","transform":""},"hideErrorIndicator":false,"visibleRows":"","isShowLabel":true,"userTip":"במידה וקיים קוד מחמיר- יש להזין קוד אישי בן 4 ספרות","value":"","gridArea":"","placeholder":"","hideAsterisk":"","label":"קוד מחמיר","isHidden":false,"hideValidIndicator":true,"thousandSymbol":"","disallowPaste":"","tabOrder":"6","mandatory":""},"xs":{"readOnly":"","variant":"standard","maximumLength":"","isDisabled":"","currencyFormat":"1,200.50","autoFocus":"","position":{"left":15,"top":0,"topUnit":"px","leftUnit":"px","transform":""},"hideErrorIndicator":false,"visibleRows":"","isShowLabel":true,"userTip":"במידה וקיים קוד מחמיר- יש להזין קוד אישי בן 4 ספרות","value":"","gridArea":"","placeholder":"","hideAsterisk":"","label":"קוד מחמיר","isHidden":false,"hideValidIndicator":true,"thousandSymbol":"","disallowPaste":"","tabOrder":"6","mandatory":""},"ss":{"readOnly":"","variant":"standard","maximumLength":"","isDisabled":"","currencyFormat":"1,200.50","autoFocus":"","position":{"left":29,"top":0,"topUnit":"px","leftUnit":"px","transform":""},"hideErrorIndicator":false,"visibleRows":"","isShowLabel":true,"userTip":"במידה וקיים קוד מחמיר- יש להזין קוד אישי בן 4 ספרות","value":"","gridArea":"","placeholder":"","hideAsterisk":"","label":"קוד מחמיר","isHidden":false,"hideValidIndicator":true,"thousandSymbol":"","disallowPaste":"","tabOrder":"6","mandatory":""}},"children":[],"parent":"e29"},"e415":{"type":"FormField","props":{"ss":{"items":"","readOnly":"","variant":"standard","maximumLength":"","isDisabled":true,"isDistinct":"","isRandomize":"","position":{"left":25,"top":0,"topUnit":"px","leftUnit":"px","transform":""},"hideErrorIndicator":false,"visibleRows":"","isShowLabel":true,"value":"","gridArea":"","placeholder":"","hideAsterisk":"","label":"סניף","isHidden":false,"hideValidIndicator":true,"tabOrder":"8","mandatory":true,"sfAsDefault":"","dependentPickList":""},"items":[{"label":"Item 1","value":"key1","uid":"0a1aa8a8-0048-4870-9536-cadd2990c3c5"},{"label":"Item 2","value":"key2","uid":"450f6149-ac98-48fa-9306-c84763171dc1"},{"label":"Item 3","value":"key3","uid":"0ab332e1-c038-4bfd-9861-9bf7089ac054"}],"styleRef":"e415","isInvisibleByDefault":false,"captions":{"Mandatory":"שדה חובה","Invalid Value":"","Valid Indicator":""},"sml":{"items":"","readOnly":"","variant":"standard","maximumLength":"","isDisabled":true,"isDistinct":"","isRandomize":"","position":{"left":304,"top":0,"topUnit":"px","leftUnit":"px","transform":""},"hideErrorIndicator":false,"visibleRows":"","isShowLabel":true,"value":"","gridArea":"","placeholder":"","hideAsterisk":"","label":"סניף","isHidden":false,"hideValidIndicator":true,"tabOrder":"8","mandatory":true,"sfAsDefault":"","dependentPickList":""},"md":{"items":"","readOnly":"","variant":"standard","maximumLength":"","isDisabled":true,"isDistinct":"","isRandomize":"","position":{"left":0,"top":0},"hideErrorIndicator":false,"visibleRows":"","isShowLabel":true,"value":"","gridArea":"","placeholder":"","hideAsterisk":"","label":"סניף","isHidden":false,"hideValidIndicator":true,"tabOrder":"8","mandatory":true,"sfAsDefault":"","dependentPickList":""},"sm":{"items":"","readOnly":"","variant":"standard","maximumLength":"","isDisabled":true,"isDistinct":"","isRandomize":"","position":{"left":188,"top":0,"topUnit":"px","leftUnit":"px","transform":""},"hideErrorIndicator":false,"visibleRows":"","isShowLabel":true,"value":"","gridArea":"","placeholder":"","hideAsterisk":"","label":"סניף","isHidden":false,"hideValidIndicator":true,"tabOrder":"8","mandatory":true,"sfAsDefault":"","dependentPickList":""},"tag":"","source":"sf","lg":{"variant":"standard","isDisabled":false,"position":{"left":0,"top":0},"hideErrorIndicator":false,"value":"","placeholder":"","label":"סניף","isHidden":false,"tabOrder":"8","mandatory":true},"xs":{"items":"","readOnly":"","variant":"standard","maximumLength":"","isDisabled":true,"isDistinct":"","isRandomize":"","position":{"left":45,"top":0,"topUnit":"px","leftUnit":"px","transform":""},"hideErrorIndicator":false,"visibleRows":"","isShowLabel":true,"value":"","gridArea":"","placeholder":"","hideAsterisk":"","label":"סניף","isHidden":false,"hideValidIndicator":true,"tabOrder":"8","mandatory":true,"sfAsDefault":"","dependentPickList":""},"control":"select","object":"BankBranch__c"},"children":[],"parent":"e29"},"e416":{"type":"FormField","props":{"control":"number","lg":{"variant":"standard","currencyFormat":"1,200.50","position":{"left":0,"top":0,"leftUnit":"px","topUnit":"px","right":"","bottom":"","transform":""},"hideErrorIndicator":false,"value":"9632","placeholder":"","label":"מספר חשבון","isHidden":false,"thousandSymbol":"","tabOrder":"9","mandatory":true},"styleRef":"e416","md":{"readOnly":"","variant":"standard","maximumLength":"","isDisabled":"","currencyFormat":"1,200.50","autoFocus":"","position":{"left":"0","top":160,"leftUnit":"px","topUnit":"px","right":"","bottom":"","transform":""},"hideErrorIndicator":false,"visibleRows":"","isShowLabel":true,"value":"","gridArea":"row133","placeholder":"","hideAsterisk":"","label":"מספר חשבון","isHidden":false,"hideValidIndicator":true,"thousandSymbol":"","disallowPaste":"","tabOrder":"9","mandatory":true},"sml":{"readOnly":"","variant":"standard","maximumLength":"","isDisabled":"","currencyFormat":"1,200.50","autoFocus":"","position":{"left":304,"top":160,"leftUnit":"px","topUnit":"px","right":"","bottom":"","transform":""},"hideErrorIndicator":false,"visibleRows":"","isShowLabel":true,"value":"","gridArea":"row133","placeholder":"","hideAsterisk":"","label":"מספר חשבון","isHidden":false,"hideValidIndicator":true,"thousandSymbol":"","disallowPaste":"","tabOrder":"9","mandatory":true},"sm":{"readOnly":"","variant":"standard","maximumLength":"","isDisabled":"","currencyFormat":"1,200.50","autoFocus":"","position":{"left":188,"top":160,"leftUnit":"px","topUnit":"px","right":"","bottom":"","transform":""},"hideErrorIndicator":false,"visibleRows":"","isShowLabel":true,"value":"","gridArea":"row133","placeholder":"","hideAsterisk":"","label":"מספר חשבון","isHidden":false,"hideValidIndicator":true,"thousandSymbol":"","disallowPaste":"","tabOrder":"9","mandatory":true},"xs":{"readOnly":"","variant":"standard","maximumLength":"","isDisabled":"","currencyFormat":"1,200.50","autoFocus":"","position":{"left":45,"top":160,"leftUnit":"px","topUnit":"px","right":"","bottom":"","transform":""},"hideErrorIndicator":false,"visibleRows":"","isShowLabel":true,"value":"","gridArea":"row133","placeholder":"","hideAsterisk":"","label":"מספר חשבון","isHidden":false,"hideValidIndicator":true,"thousandSymbol":"","disallowPaste":"","tabOrder":"9","mandatory":true},"ss":{"readOnly":"","variant":"standard","maximumLength":"","isDisabled":"","currencyFormat":"1,200.50","autoFocus":"","position":{"left":25,"top":160,"leftUnit":"px","topUnit":"px","right":"","bottom":"","transform":""},"hideErrorIndicator":false,"visibleRows":"","isShowLabel":true,"value":"","gridArea":"row133","placeholder":"","hideAsterisk":"","label":"מספר חשבון","isHidden":false,"hideValidIndicator":true,"thousandSymbol":"","disallowPaste":"","tabOrder":"9","mandatory":true}},"children":[],"parent":"e29"},"e417":{"type":"FormField","props":{"ss":{"readOnly":"","variant":"standard","maximumLength":"","isDisabled":"","currencyFormat":"1,200.50","autoFocus":"","position":{"left":29,"top":0,"topUnit":"px","leftUnit":"px","transform":""},"hideErrorIndicator":false,"visibleRows":"","isShowLabel":true,"userTip":"מספר הלקוח מופיע בחשבונית","value":"","gridArea":"","placeholder":"","hideAsterisk":"","label":"מספר לקוח","isHidden":false,"hideValidIndicator":true,"thousandSymbol":"","disallowPaste":"","tabOrder":"1","mandatory":true},"styleRef":"e417","sml":{"readOnly":"","variant":"standard","maximumLength":"","isDisabled":"","currencyFormat":"1,200.50","autoFocus":"","position":{"left":283,"top":0,"topUnit":"px","leftUnit":"px","transform":""},"hideErrorIndicator":false,"visibleRows":"","isShowLabel":true,"userTip":"מספר הלקוח מופיע בחשבונית","value":"","gridArea":"","placeholder":"","hideAsterisk":"","label":"מספר לקוח","isHidden":false,"hideValidIndicator":true,"thousandSymbol":"","disallowPaste":"","tabOrder":"1","mandatory":true},"md":{"readOnly":"","variant":"standard","maximumLength":"","isDisabled":"","currencyFormat":"1,200.50","autoFocus":"","position":{"left":0,"top":0},"hideErrorIndicator":false,"visibleRows":"","isShowLabel":true,"userTip":"מספר הלקוח מופיע בחשבונית","value":"","gridArea":"","placeholder":"","hideAsterisk":"","label":"מספר לקוח","isHidden":false,"hideValidIndicator":true,"thousandSymbol":"","disallowPaste":"","tabOrder":"1","mandatory":true},"sm":{"readOnly":"","variant":"standard","maximumLength":"","isDisabled":"","currencyFormat":"1,200.50","autoFocus":"","position":{"left":167,"top":0,"topUnit":"px","leftUnit":"px","transform":""},"hideErrorIndicator":false,"visibleRows":"","isShowLabel":true,"userTip":"מספר הלקוח מופיע בחשבונית","value":"","gridArea":"","placeholder":"","hideAsterisk":"","label":"מספר לקוח","isHidden":false,"hideValidIndicator":true,"thousandSymbol":"","disallowPaste":"","tabOrder":"1","mandatory":true},"tag":"מספר לקוח","lg":{"variant":"standard","currencyFormat":"1,200.50","position":{"left":0,"top":0},"hideErrorIndicator":false,"userTip":"מספר הלקוח מופיע בחשבונית","value":"888888","placeholder":"","label":"מספר לקוח","isHidden":false,"thousandSymbol":"","tabOrder":"1","mandatory":true},"xs":{"readOnly":"","variant":"standard","maximumLength":"","isDisabled":"","currencyFormat":"1,200.50","autoFocus":"","position":{"left":15,"top":0,"topUnit":"px","leftUnit":"px","transform":""},"hideErrorIndicator":false,"visibleRows":"","isShowLabel":true,"userTip":"מספר הלקוח מופיע בחשבונית","value":"","gridArea":"","placeholder":"","hideAsterisk":"","label":"מספר לקוח","isHidden":false,"hideValidIndicator":true,"thousandSymbol":"","disallowPaste":"","tabOrder":"1","mandatory":true},"control":"number"},"children":[],"parent":"e29"},"s47":{"type":"Strip","props":{"styleRef":"s47","tag":"חתימה"},"children":["fit_s47_Col1"],"parent":null},"e419":{"type":"FormField","props":{"ss":{"variant":"standard","maximumLength":"","isDisabled":"","position":{"left":48,"top":59,"leftUnit":"px","topUnit":"px","right":"","bottom":"","transform":"","zIndex":2},"hideErrorIndicator":false,"visibleRows":"","isShowLabel":true,"value":"","gridArea":"Col1","placeholder":"[נא לחתום כאן]","hideAsterisk":"","label":"חתימה","isHidden":true,"hideValidIndicator":true,"drawLine":true,"tabOrder":"","mandatory":true},"styleRef":"e419","sml":{"variant":"standard","maximumLength":"","isDisabled":"","position":{"left":7,"top":59,"leftUnit":"px","topUnit":"px","right":"","bottom":"","transform":"","zIndex":2},"hideErrorIndicator":false,"visibleRows":"","isShowLabel":true,"value":"","gridArea":"Col1","placeholder":"[נא לחתום כאן]","hideAsterisk":"","label":"חתימה","isHidden":true,"hideValidIndicator":true,"drawLine":true,"tabOrder":"","mandatory":true},"md":{"variant":"standard","maximumLength":"","isDisabled":"","position":{"left":147,"top":59,"leftUnit":"px","topUnit":"px","right":"","bottom":"","transform":"","zIndex":2},"hideErrorIndicator":false,"visibleRows":"","isShowLabel":true,"value":"","gridArea":"Col1","placeholder":"[נא לחתום כאן]","hideAsterisk":"","label":"חתימה","isHidden":true,"hideValidIndicator":true,"drawLine":true,"tabOrder":"","mandatory":true},"docGen":{"enable":true,"marginLeft":"100","marginTop":"","marginBottom":"50","marginRight":""},"sm":{"variant":"standard","maximumLength":"","isDisabled":"","position":{"left":75,"top":59,"leftUnit":"px","topUnit":"px","right":"","bottom":"","transform":"","zIndex":2},"hideErrorIndicator":false,"visibleRows":"","isShowLabel":true,"value":"","gridArea":"Col1","placeholder":"[נא לחתום כאן]","hideAsterisk":"","label":"חתימה","isHidden":true,"hideValidIndicator":true,"drawLine":true,"tabOrder":"","mandatory":true},"tag":"חתימה פרטי לקוח","lg":{"variant":"standard","position":{"left":0,"top":0,"leftUnit":"px","topUnit":"px","right":"","bottom":"","transform":"","zIndex":2},"hideErrorIndicator":false,"value":"","gridArea":"row355","placeholder":"[נא לחתום כאן]","label":"חתימה","isHidden":true,"drawLine":true,"tabOrder":"","mandatory":false},"xs":{"variant":"standard","maximumLength":"","isDisabled":"","position":{"left":29,"top":59,"leftUnit":"px","topUnit":"px","right":"","bottom":"","transform":"","zIndex":2},"hideErrorIndicator":false,"visibleRows":"","isShowLabel":true,"value":"","gridArea":"Col1","placeholder":"[נא לחתום כאן]","hideAsterisk":"","label":"חתימה","isHidden":true,"hideValidIndicator":true,"drawLine":true,"tabOrder":"","mandatory":true},"control":"signature"},"children":[],"parent":"e29"},"s1":{"type":"Strip","props":{"styleRef":"s1","tag":"מקטע ראשי","lg":{"isHidden":false,"isHiddenCol1":false},"comment":""},"children":["e29","fit_s1_Col1"],"parent":null}},"TabOrder":"custom","isHideHeader":{"xs":false,"ss":false,"md":false,"sml":false,"sm":false},"isConfiguredAutoFit":{"xs":false,"ss":false,"md":false,"sml":false,"sm":false},"IsConfiguredDevice":{"xs":false,"ss":false,"md":false,"lg":true,"sml":false,"sm":false}},"IsDisabled":false,"isPublic":true,"URL":"ft26b99a5a89d947f1b213e6df120f7f72","Description":"","Version":0,"ProjectID":"64009b4ddc5682f414ae950a","isCachedCDN":"true","__v":0,"CreatedAt":"2023-03-02T12:49:17.954Z","PublishProps":{"styles":{"e62":{"type":"FormField","lg":{"root":{"width":"270"}},"additionalControls":["text"]},"e56":{"type":"Button","lg":{"root":{"width":"180","height":"40","backgroundColor":"#0473b8","fontSize":"20px","alignSelf":"center"},"rootHover":{"color":"rgba(255, 255, 255, 1)","paddingTop":"0","borderStyle":"solid","width":"180","height":"40","fontWeight":"normal","paddingRight":"0","fontSize":"20px","fontFamily":"Arial, 'Helvetica Neue', Helvetica, sans-serif;","backgroundColor":"#0473b8","borderColor":"#0091ff","paddingLeft":"0","borderWidth":"1","lineHeight":"30","paddingBottom":"0","letterSpacing":0,"borderRadius":"26"},"rootActive":{"color":"rgba(255, 255, 255, 1)","paddingTop":"0","borderStyle":"solid","width":"180","height":"40","fontWeight":"normal","paddingRight":"0","fontSize":"20px","fontFamily":"Arial, 'Helvetica Neue', Helvetica, sans-serif;","backgroundColor":"#0473b8","borderColor":"#0091ff","paddingLeft":"0","borderWidth":"1","lineHeight":"30","paddingBottom":"0","letterSpacing":0,"borderRadius":"26"}}},"e57":{"type":"FormField","lg":{"root":{"width":"270"}},"additionalControls":["text"]},"e15":{"type":"FormField","lg":{"root":{"width":"270","maxWidthUnit":"%"}},"additionalControls":["text"]},"e19":{"type":"FormField","lg":{"root":{"width":"270"}},"additionalControls":["email"]},"e421":{"lg":{"root":{"width":"250","height":"120"}},"type":"FormField","additionalControls":["signature"]},"e422":{"lg":{"root":{"width":30.859329461058955,"height":"auto","widthUnit":"%"}},"type":"FormField","additionalControls":["text"]},"e413":{"ss":{"root":{"width":"270","height":"auto"}},"sml":{"root":{"width":"270","height":"auto"}},"md":{"root":{"width":"270","height":"auto"}},"sm":{"root":{"width":"270","height":"auto"}},"type":"FormField","lg":{"root":{"width":"270","height":"auto"}},"xs":{"root":{"width":"270","height":"auto"}},"additionalControls":["select"],"IsConfiguredDevice":{"md":true,"sml":true,"sm":true,"xs":true,"ss":true}},"e414":{"ss":{"root":{"width":"270","height":"auto"}},"sml":{"root":{"width":"270","height":"auto"}},"md":{"root":{"width":"270","height":"auto"}},"sm":{"root":{"width":"270","height":"auto"}},"type":"FormField","lg":{"root":{"width":"270","height":"auto"}},"xs":{"root":{"width":"270","height":"auto"}},"additionalControls":["number"],"IsConfiguredDevice":{"md":true,"sml":true,"sm":true,"xs":true,"ss":true}},"e415":{"ss":{"root":{"width":"270","height":"auto"}},"sml":{"root":{"width":"270","height":"auto"}},"md":{"root":{"width":"270","height":"auto"}},"sm":{"root":{"width":"270","height":"auto"}},"type":"FormField","lg":{"root":{"width":"270","height":"auto"}},"xs":{"root":{"width":"270","height":"auto"}},"additionalControls":["select"],"IsConfiguredDevice":{"md":true,"sml":true,"sm":true,"xs":true,"ss":true}},"e416":{"ss":{"root":{"width":"270","height":"auto"}},"sml":{"root":{"width":"270","height":"auto"}},"md":{"root":{"width":"270","height":"auto"}},"sm":{"root":{"width":"270","height":"auto"}},"type":"FormField","lg":{"root":{"width":"270","height":"auto"}},"xs":{"root":{"width":"270","height":"auto"}},"additionalControls":["number"],"IsConfiguredDevice":{"md":true,"sml":true,"sm":true,"xs":true,"ss":true}},"e417":{"ss":{"root":{"width":"270","height":"auto"}},"sml":{"root":{"width":"270","height":"auto"}},"md":{"root":{"width":"270","height":"auto"}},"sm":{"root":{"width":"270","height":"auto"}},"type":"FormField","lg":{"root":{"width":"270","height":"auto"}},"xs":{"root":{"width":"270","height":"auto"}},"additionalControls":["number"],"IsConfiguredDevice":{"md":true,"sml":true,"sm":true,"xs":true,"ss":true}},"s47":{"type":"Strip","lg":{"columns":1,"rows":1,"areas":[["Col1"]],"root":{"minHeight":57,"height":"auto"},"row0":57,"row0Unit":"px","ft__Col1":{"lineHeight":14}}},"e419":{"ss":{"root":{"width":249,"height":120,"minWidth":249,"minHeight":120}},"sml":{"root":{"width":249,"height":120,"minWidth":249,"minHeight":120}},"md":{"root":{"width":249,"height":120,"minWidth":249,"minHeight":120}},"sm":{"root":{"width":249,"height":120,"minWidth":249,"minHeight":120}},"type":"FormField","lg":{"root":{"width":"250","height":120,"minHeight":120}},"xs":{"root":{"width":249,"height":120,"minWidth":249,"minHeight":120}},"additionalControls":["signature"],"IsConfiguredDevice":{"md":true,"sml":true,"sm":true,"xs":true,"ss":true}},"s1":{"type":"Strip","lg":{"columns":1,"rows":1,"areas":[["Col1"]],"root":{"minHeight":880.9930572509766,"height":"auto"},"row0":880.9930572509766,"row0Unit":"px"}}},"params":[{"id":"cb6e7bcb-7a68-45e1-9601-bc2754eeb4ca","valueType":"static","name":"bank_code","value":"","paramType":"static"},{"id":"46e9bf51-a31c-497b-8a0c-3cc23006bc94","valueType":"static","name":"branch_code","value":"","paramType":"static"}],"Grid":["s1","s47"],"isSurveyForm":false,"ui":{"Drawer":[],"Modal":[]},"elements":{"e62":{"type":"FormField","props":{"styleRef":"e62","isHavePrefix":false,"valueRule":[{"uid":"0c13cdd8-1c2e-4acf-ab38-d7e68cb275b4","conditions":[{"field":{"value":"p2:e62","label":"מספר נייד לקוח פרטי","uid":"e62","group":"view:p2","type":"FormField","subType":"text"},"operator":"maxlength","valueType":"value","value":"11","bracket":"","post":""},{"field":{"value":"p2:e62","label":"מספר נייד לקוח פרטי","uid":"e62","group":"view:p2","type":"FormField","subType":"text"},"operator":"minlength","valueType":"value","value":"10","bracket":"","post":"and"},{"field":{"value":"p2:e62","label":"מספר נייד לקוח פרטי","uid":"e62","group":"view:p2","type":"FormField","subType":"text"},"operator":"startswith","valueType":"value","value":"05","bracket":"","post":""}],"isAction":false,"message":"מספר לא תקין"}],"tag":"מספר נייד לחזרה","lg":{"variant":"standard","maximumLength":"","fieldMask":"","position":{"left":0,"top":0},"hideErrorIndicator":false,"value":"0507691084","placeholder":"","label":"מספר נייד לחזרה","isHidden":false,"tabOrder":"3","mandatory":true,"isHaveClearIco":false},"control":"text"},"children":[],"parent":"e29"},"e43":{"type":"Typography","props":{"lg":{"text":"פרטי בנק","variant":"subhead","gridArea":"row30","position":{"rightUnit":"px","left":"0","height":30,"leftUnit":"px","bottom":"","heightUnit":"px","maxHeight":"","transform":"","disableInherit":true,"top":"0","zIndex":5,"topUnit":"px","minHeight":"","right":"unset","minHeightUnit":"px"},"isHidden":false},"styleRef":"e318","tag":"פרטי הנפטר"},"children":[],"parent":"e29"},"e56":{"type":"Button","props":{"styleRef":"e56","target":"self","action":[{"uid":"4e313b67-c35f-45df-b1bc-ec4c8491883d","conditions":[],"isAction":false,"actions":{"actionFlow":{"0":{"enabled":true,"list":[{"id":"2dba5d2f-bee8-4810-b99a-0adf70b1730f","type":"input","data":{"label":"Start"},"position":{"x":-395,"y":31}},{"id":"6f73d6a9-68e1-4f16-9a9c-14342329064c","type":"action","actionType":"docGen","tag":"הפקת מסמך","data":{"docGen":{"0":{"enabled":true,"selected":"96a847eb-73c0-4e0a-a98e-1404097c3892","action":"interactive","method":"web"}}},"position":{"x":199,"y":101}},{"id":"790610e5-73a4-436c-a9df-407fcc92f005","type":"action","actionType":"formInteractivity","tag":"validation","data":{"formInteractivity":{"0":{"enabled":true,"form":"p2:e29","action":"Validate fields"}}},"position":{"x":-306,"y":65}},{"id":"1c6f5273-e767-4de4-92e5-e140f7894a5a","type":"action","actionType":"formInteractivity","tag":"set readonly","data":{"formInteractivity":{"0":{"enabled":true,"action":"Read Only Form","form":"p2:e29"}}},"position":{"x":-162,"y":101}},{"id":"67d31c3f-2c3e-4cf8-a0ef-6568ebc202d4","type":"affectElements","actionType":"affectElements","tag":"","data":{"p2:e56":[{"elemType":"Button","type":"disable"}]},"position":{"x":3,"y":103.00000000000001}},{"animated":false,"sourceHandle":"onValid","target":"6f73d6a9-68e1-4f16-9a9c-14342329064c","style":{"strokeDasharray":5},"label":"x","targetHandle":null,"type":"default","source":"e03d89f5-f72d-46a5-92fe-00e9435a65e5","id":"reactflow__edge-e03d89f5-f72d-46a5-92fe-00e9435a65e5onValid-6f73d6a9-68e1-4f16-9a9c-14342329064cnull","labelStyle":{"fontSize":14}},{"sourceHandle":null,"target":"790610e5-73a4-436c-a9df-407fcc92f005","style":{"strokeDasharray":5},"label":"x","targetHandle":"if","type":"default","source":"2dba5d2f-bee8-4810-b99a-0adf70b1730f","id":"ed397fc6-12e0-4b81-b7e1-12c768781c4c","labelStyle":{"fontSize":14}},{"sourceHandle":null,"target":"67d31c3f-2c3e-4cf8-a0ef-6568ebc202d4","style":{"strokeDasharray":5},"label":"x","targetHandle":"if","type":"default","source":"1c6f5273-e767-4de4-92e5-e140f7894a5a","id":"a15b8bbf-e538-4c3b-a969-3a45d05481b7","labelStyle":{"fontSize":14}},{"animated":false,"sourceHandle":null,"target":"6f73d6a9-68e1-4f16-9a9c-14342329064c","style":{"strokeDasharray":5},"label":"x","targetHandle":null,"type":"default","source":"67d31c3f-2c3e-4cf8-a0ef-6568ebc202d4","id":"reactflow__edge-67d31c3f-2c3e-4cf8-a0ef-6568ebc202d4null-6f73d6a9-68e1-4f16-9a9c-14342329064cnull","labelStyle":{"fontSize":14}},{"animated":false,"sourceHandle":"onValid","target":"1c6f5273-e767-4de4-92e5-e140f7894a5a","style":{"strokeDasharray":5},"label":"x","targetHandle":null,"type":"default","source":"790610e5-73a4-436c-a9df-407fcc92f005","id":"reactflow__edge-790610e5-73a4-436c-a9df-407fcc92f005onValid-1c6f5273-e767-4de4-92e5-e140f7894a5anull","labelStyle":{"fontSize":14}}]}}},"modeType":"flow"}],"type":"redirect","lg":{"text":"הבא","gridArea":"row349","variant":"primary","position":{"left":"unset","top":"0","leftUnit":"px","topUnit":"px","right":"0","bottom":"","transform":"","rightUnit":"px"},"allowProgress":false,"isHidden":false,"tabOrder":"14"},"redirect":{"label":"Other","value":"other"},"customURL":""},"children":[],"parent":"e29"},"e13":{"type":"Typography","props":{"lg":{"text":"טופס הוראת קבע","variant":"title","gridArea":"row376","position":{"rightUnit":"px","maxWidth":"","width":"auto","left":"0","height":68,"widthUnit":"px","leftUnit":"px","bottom":"","heightUnit":"px","maxHeight":"","transform":"","bottomUnit":"px","disableInherit":true,"minWidth":"","top":"0","minWidthUnit":"px","topUnit":"px","minHeight":"","right":"","minHeightUnit":"px"},"isHidden":false},"styleRef":"e325"},"children":[],"parent":"e29"},"e57":{"type":"FormField","props":{"styleRef":"e57","valueRule":[{"uid":"f17a387e-54b0-4004-a895-a7b26029a4d9","conditions":[{"field":{"value":"p2:e57","label":"תעודת זהות","uid":"e57","group":"view:p2","type":"FormField","subType":"text"},"operator":"israelID","valueType":"value","value2Type":"value","value":"","value2":"","bracket":"","post":""},{"field":{"value":"p2:e57","label":"תעודת זהות","uid":"e57","group":"view:p2","type":"FormField","subType":"text"},"operator":"minlength","valueType":"value","value":"9","bracket":"","post":""},{"field":{"value":"p2:e57","label":"תעודת זהות","uid":"e57","group":"view:p2","type":"FormField","subType":"text"},"operator":"maxlength","valueType":"value","value":"9","bracket":"","post":""}],"isAction":false,"message":"מספר ת.ז. חייב להכיל 9 ספרות","name":"בדית מספר זהות"}],"tag":"תעודת זהות","lg":{"variant":"standard","position":{"left":0,"top":0},"hideErrorIndicator":false,"value":"310425517","gridArea":"","placeholder":"","label":"תעודת זהות","isHidden":false,"tabOrder":"2","mandatory":true,"isHaveClearIco":false},"control":"text"},"children":[],"parent":"e29"},"e15":{"type":"FormField","props":{"styleRef":"e15","isHavePrefix":false,"isInvisibleByDefault":false,"docGen":{"enable":false},"tag":"שם לקוח מקבל","lg":{"readOnly":false,"variant":"standard","isDisabled":false,"isForceLTR":false,"autoFocus":false,"position":{"rightUnit":"px","left":"0","leftUnit":"px","bottom":"unset","transform":"","bottomUnit":"px","top":"0","zIndex":4,"topUnit":"px","right":"unset"},"hideErrorIndicator":false,"isFixedLabel":false,"disableAutoSuggest":false,"userTip":"","allowCharCount":false,"value":"משה רבי","gridArea":"row30","placeholder":"","label":"שם מלא ","isHidden":false,"tabOrder":"1","mandatory":true,"isHaveClearIco":false},"control":"text"},"children":[],"parent":"e29"},"e29":{"type":"Form","props":{"styleRef":"e29","showSubmitButton":false,"tag":"פרטי לקוח מקבל","lg":{"position":{"left":1,"top":19,"leftUnit":"px","topUnit":"px","right":"","bottom":"","transform":"","bottomUnit":"px"},"usePageBreak":false,"isHiddencol":{"2":false},"pageBreak":9,"gridArea":"Col1","cols":3,"isHidden":false,"rows":10,"isDisableParentResize":false,"children":{"row319":{"index":6,"children":{"col320":{"index":0,"children":["e43","e413","e415","e422","e416"]},"col321":{"index":1,"children":[]},"col388":{"index":2,"children":[]}},"isMerged":true,"isCustomMerged":false},"row361":{"index":14,"children":{"col362":{"index":0,"children":["e420"]},"col363":{"index":1,"children":["e421"]},"col390":{"index":2,"children":["e419"]}},"isMerged":false,"isCustomMerged":false},"row166":{"index":4,"children":{"col167":{"index":0,"children":["e64","e62"]},"col168":{"index":1,"children":["e414"]},"col393":{"index":2,"children":[]}},"isMerged":false,"isCustomMerged":false},"row376":{"index":0,"children":{"col377":{"index":0,"children":["e13"]},"col378":{"index":1,"children":[]},"col394":{"index":2,"children":[]}},"isMerged":true,"isCustomMerged":false},"row322":{"index":5,"children":{"col323":{"index":0,"children":[]},"col324":{"index":1,"children":[]},"col395":{"index":2,"children":[]}},"isMerged":true,"isCustomMerged":false},"row333":{"index":1,"children":{"col334":{"index":0,"children":["e336"]},"col335":{"index":1,"children":[]},"col396":{"index":2,"children":[]}},"isMerged":true,"isCustomMerged":false},"row32":{"index":2,"children":{"col37":{"index":1,"children":["e17","e134","e15"]},"col33":{"index":0,"children":["e417"]},"col397":{"index":2,"children":[],"isHidden":true}},"isCustomMerged":true,"isMerged":false,"mergeList":{"col33":1,"col37":2,"col397":2}},"row355":{"index":9,"children":{"col356":{"index":0,"children":[]},"col357":{"index":1,"children":[]},"col398":{"index":2,"children":[]}},"isMerged":true,"isCustomMerged":false},"row34":{"index":3,"children":{"col38":{"index":1,"children":["e19","e63"]},"col35":{"index":0,"children":["e18","e57"]},"col399":{"index":2,"children":[]}},"isCustomMerged":true,"isMerged":false,"mergeList":{"col35":1,"col38":2,"col399":2}},"row349":{"index":15,"children":{"col350":{"index":0,"children":["e56"]},"col351":{"index":1,"children":[]},"col403":{"index":2,"children":[]}},"isMerged":true,"isCustomMerged":false}}}},"children":["e15","e19","e57","e62","e43","e336","e56","e13","e413","e414","e415","e416","e417","e419","e421","e422"],"parent":"s1"},"e19":{"type":"FormField","props":{"control":"email","lg":{"variant":"standard","position":{"rightUnit":"px","left":"0","leftUnit":"px","bottom":"unset","transform":"","bottomUnit":"px","top":"0","zIndex":1,"topUnit":"px","right":"unset"},"hideErrorIndicator":false,"value":"rabinm1@pelephone.co.il","gridArea":"row34","placeholder":"","label":"דואר אלקטרוני ","isHidden":false,"tabOrder":"4","mandatory":true},"styleRef":"e19","tag":"דואר אלקטרוני"},"children":[],"parent":"e29"},"e421":{"type":"FormField","props":{"control":"signature","lg":{"variant":"standard","position":{"left":0,"top":0,"leftUnit":"px","topUnit":"px","right":"","bottom":"","transform":""},"hideErrorIndicator":false,"value":"","gridArea":"","placeholder":"[נא לחתום כאן]","label":"חתימת הלקוחות ","isHidden":true,"isCompanyMode":false,"drawLine":true,"mandatory":false},"styleRef":"e421","docGen":{"enable":true,"marginBottom":"50","marginLeft":"100"}},"children":[],"parent":"e29"},"e422":{"type":"FormField","props":{"control":"text","lg":{"value":"","label":"מס' סניף ","placeholder":"","variant":"standard","gridArea":"","position":{"left":0,"top":0},"hideErrorIndicator":false,"isHidden":false},"styleRef":"e422","tag":"מספר סניף ערך","isInvisibleByDefault":true},"children":[],"parent":"e29"},"e413":{"type":"FormField","props":{"ss":{"items":"","readOnly":"","variant":"standard","maximumLength":"","isDisabled":"","isDistinct":false,"isRandomize":"","dependentParentPickList":"e140","position":{"left":25,"top":108,"leftUnit":"px","topUnit":"px","right":"","bottom":"","transform":""},"hideErrorIndicator":false,"isFixedLabel":false,"visibleRows":"","isShowLabel":true,"useCustomIcon":false,"value":"","gridArea":"","placeholder":"","hideAsterisk":"","label":"בנק","isHidden":false,"hideValidIndicator":true,"isDisableFilter":false,"tabOrder":"7","mandatory":true,"isHaveClearIco":false,"sfAsDefault":"","dependentPickList":false},"items":[{"label":"Item 1","value":"key1","uid":"b0d95810-dc9e-45f0-a10a-edc00ee523d8"},{"label":"Item 2","value":"key2","uid":"56153dd7-bb55-4e99-8bcd-d7dce47bffa2"},{"label":"Item 3","value":"key3","uid":"af28adea-d42e-4122-8c6b-537f6a637094"}],"styleRef":"e413","addEmpty":false,"sml":{"items":"","readOnly":"","variant":"standard","maximumLength":"","isDisabled":"","isDistinct":false,"isRandomize":"","dependentParentPickList":"e140","position":{"left":424.5,"top":87,"leftUnit":"px","topUnit":"px","right":"","bottom":"","transform":""},"hideErrorIndicator":false,"isFixedLabel":false,"visibleRows":"","isShowLabel":true,"useCustomIcon":false,"value":"","gridArea":"","placeholder":"","hideAsterisk":"","label":"בנק","isHidden":false,"hideValidIndicator":true,"isDisableFilter":false,"tabOrder":"7","mandatory":true,"isHaveClearIco":false,"sfAsDefault":"","dependentPickList":false},"md":{"items":"","readOnly":"","variant":"standard","maximumLength":"","isDisabled":"","isDistinct":false,"isRandomize":"","dependentParentPickList":"e140","position":{"left":120.5,"top":87,"leftUnit":"px","topUnit":"px","right":"","bottom":"","transform":""},"hideErrorIndicator":false,"isFixedLabel":false,"visibleRows":"","isShowLabel":true,"useCustomIcon":false,"value":"","gridArea":"","placeholder":"","hideAsterisk":"","label":"בנק","isHidden":false,"hideValidIndicator":true,"isDisableFilter":false,"tabOrder":"7","mandatory":true,"isHaveClearIco":false,"sfAsDefault":"","dependentPickList":false},"docGen":{"enable":false},"sm":{"items":"","readOnly":"","variant":"standard","maximumLength":"","isDisabled":"","isDistinct":false,"isRandomize":"","dependentParentPickList":"e140","position":{"left":308.5,"top":87,"leftUnit":"px","topUnit":"px","right":"","bottom":"","transform":""},"hideErrorIndicator":false,"isFixedLabel":false,"visibleRows":"","isShowLabel":true,"useCustomIcon":false,"value":"","gridArea":"","placeholder":"","hideAsterisk":"","label":"בנק","isHidden":false,"hideValidIndicator":true,"isDisableFilter":false,"tabOrder":"7","mandatory":true,"isHaveClearIco":false,"sfAsDefault":"","dependentPickList":false},"tag":"בנק","source":"sf","lg":{"variant":"standard","isDistinct":false,"dependentParentPickList":"e140","position":{"left":0,"top":0,"leftUnit":"px","topUnit":"px","right":"","bottom":"","transform":""},"hideErrorIndicator":false,"isFixedLabel":false,"useCustomIcon":false,"value":"","placeholder":"","label":"בנק","isHidden":false,"isDisableFilter":false,"tabOrder":"7","mandatory":true,"isHaveClearIco":false,"dependentPickList":false},"xs":{"items":"","readOnly":"","variant":"standard","maximumLength":"","isDisabled":"","isDistinct":false,"isRandomize":"","dependentParentPickList":"e140","position":{"left":45,"top":108,"leftUnit":"px","topUnit":"px","right":"","bottom":"","transform":""},"hideErrorIndicator":false,"isFixedLabel":false,"visibleRows":"","isShowLabel":true,"useCustomIcon":false,"value":"","gridArea":"","placeholder":"","hideAsterisk":"","label":"בנק","isHidden":false,"hideValidIndicator":true,"isDisableFilter":false,"tabOrder":"7","mandatory":true,"isHaveClearIco":false,"sfAsDefault":"","dependentPickList":false},"control":"select","object":"Bank__c"},"children":[],"parent":"e29"},"e336":{"type":"Typography","props":{"lg":{"text":"פרטים אישיים","variant":"subhead","position":{"rightUnit":"px","maxWidth":"","width":"auto","left":0,"height":30,"widthUnit":"px","leftUnit":"px","bottom":"","heightUnit":"px","transform":"","disableInherit":true,"minWidth":"","top":0,"zIndex":5,"minWidthUnit":"px","topUnit":"px","right":""},"isHidden":false},"styleRef":"e318","tag":"פרטי קרוב המשפחה אליו עובר המנוי"},"children":[],"parent":"e29"},"e414":{"type":"FormField","props":{"control":"number","lg":{"variant":"standard","currencyFormat":"1,200.50","position":{"left":0,"top":0},"hideErrorIndicator":false,"userTip":"במידה וקיים קוד מחמיר- יש להזין קוד אישי בן 4 ספרות","value":"","placeholder":"","label":"קוד מחמיר","isHidden":false,"thousandSymbol":"","tabOrder":"6"},"styleRef":"e414","md":{"readOnly":"","variant":"standard","maximumLength":"","isDisabled":"","currencyFormat":"1,200.50","autoFocus":"","position":{"left":0,"top":0},"hideErrorIndicator":false,"visibleRows":"","isShowLabel":true,"userTip":"במידה וקיים קוד מחמיר- יש להזין קוד אישי בן 4 ספרות","value":"","gridArea":"","placeholder":"","hideAsterisk":"","label":"קוד מחמיר","isHidden":false,"hideValidIndicator":true,"thousandSymbol":"","disallowPaste":"","tabOrder":"6","mandatory":""},"sml":{"readOnly":"","variant":"standard","maximumLength":"","isDisabled":"","currencyFormat":"1,200.50","autoFocus":"","position":{"left":283,"top":0,"topUnit":"px","leftUnit":"px","transform":""},"hideErrorIndicator":false,"visibleRows":"","isShowLabel":true,"userTip":"במידה וקיים קוד מחמיר- יש להזין קוד אישי בן 4 ספרות","value":"","gridArea":"","placeholder":"","hideAsterisk":"","label":"קוד מחמיר","isHidden":false,"hideValidIndicator":true,"thousandSymbol":"","disallowPaste":"","tabOrder":"6","mandatory":""},"sm":{"readOnly":"","variant":"standard","maximumLength":"","isDisabled":"","currencyFormat":"1,200.50","autoFocus":"","position":{"left":167,"top":0,"topUnit":"px","leftUnit":"px","transform":""},"hideErrorIndicator":false,"visibleRows":"","isShowLabel":true,"userTip":"במידה וקיים קוד מחמיר- יש להזין קוד אישי בן 4 ספרות","value":"","gridArea":"","placeholder":"","hideAsterisk":"","label":"קוד מחמיר","isHidden":false,"hideValidIndicator":true,"thousandSymbol":"","disallowPaste":"","tabOrder":"6","mandatory":""},"xs":{"readOnly":"","variant":"standard","maximumLength":"","isDisabled":"","currencyFormat":"1,200.50","autoFocus":"","position":{"left":15,"top":0,"topUnit":"px","leftUnit":"px","transform":""},"hideErrorIndicator":false,"visibleRows":"","isShowLabel":true,"userTip":"במידה וקיים קוד מחמיר- יש להזין קוד אישי בן 4 ספרות","value":"","gridArea":"","placeholder":"","hideAsterisk":"","label":"קוד מחמיר","isHidden":false,"hideValidIndicator":true,"thousandSymbol":"","disallowPaste":"","tabOrder":"6","mandatory":""},"ss":{"readOnly":"","variant":"standard","maximumLength":"","isDisabled":"","currencyFormat":"1,200.50","autoFocus":"","position":{"left":29,"top":0,"topUnit":"px","leftUnit":"px","transform":""},"hideErrorIndicator":false,"visibleRows":"","isShowLabel":true,"userTip":"במידה וקיים קוד מחמיר- יש להזין קוד אישי בן 4 ספרות","value":"","gridArea":"","placeholder":"","hideAsterisk":"","label":"קוד מחמיר","isHidden":false,"hideValidIndicator":true,"thousandSymbol":"","disallowPaste":"","tabOrder":"6","mandatory":""}},"children":[],"parent":"e29"},"e415":{"type":"FormField","props":{"ss":{"items":"","readOnly":"","variant":"standard","maximumLength":"","isDisabled":true,"isDistinct":"","isRandomize":"","position":{"left":25,"top":0,"topUnit":"px","leftUnit":"px","transform":""},"hideErrorIndicator":false,"visibleRows":"","isShowLabel":true,"value":"","gridArea":"","placeholder":"","hideAsterisk":"","label":"סניף","isHidden":false,"hideValidIndicator":true,"tabOrder":"8","mandatory":true,"sfAsDefault":"","dependentPickList":""},"items":[{"label":"Item 1","value":"key1","uid":"0a1aa8a8-0048-4870-9536-cadd2990c3c5"},{"label":"Item 2","value":"key2","uid":"450f6149-ac98-48fa-9306-c84763171dc1"},{"label":"Item 3","value":"key3","uid":"0ab332e1-c038-4bfd-9861-9bf7089ac054"}],"styleRef":"e415","isInvisibleByDefault":false,"captions":{"Mandatory":"שדה חובה","Invalid Value":"","Valid Indicator":""},"sml":{"items":"","readOnly":"","variant":"standard","maximumLength":"","isDisabled":true,"isDistinct":"","isRandomize":"","position":{"left":304,"top":0,"topUnit":"px","leftUnit":"px","transform":""},"hideErrorIndicator":false,"visibleRows":"","isShowLabel":true,"value":"","gridArea":"","placeholder":"","hideAsterisk":"","label":"סניף","isHidden":false,"hideValidIndicator":true,"tabOrder":"8","mandatory":true,"sfAsDefault":"","dependentPickList":""},"md":{"items":"","readOnly":"","variant":"standard","maximumLength":"","isDisabled":true,"isDistinct":"","isRandomize":"","position":{"left":0,"top":0},"hideErrorIndicator":false,"visibleRows":"","isShowLabel":true,"value":"","gridArea":"","placeholder":"","hideAsterisk":"","label":"סניף","isHidden":false,"hideValidIndicator":true,"tabOrder":"8","mandatory":true,"sfAsDefault":"","dependentPickList":""},"sm":{"items":"","readOnly":"","variant":"standard","maximumLength":"","isDisabled":true,"isDistinct":"","isRandomize":"","position":{"left":188,"top":0,"topUnit":"px","leftUnit":"px","transform":""},"hideErrorIndicator":false,"visibleRows":"","isShowLabel":true,"value":"","gridArea":"","placeholder":"","hideAsterisk":"","label":"סניף","isHidden":false,"hideValidIndicator":true,"tabOrder":"8","mandatory":true,"sfAsDefault":"","dependentPickList":""},"tag":"","source":"sf","lg":{"variant":"standard","isDisabled":false,"position":{"left":0,"top":0},"hideErrorIndicator":false,"value":"","placeholder":"","label":"סניף","isHidden":false,"tabOrder":"8","mandatory":true},"xs":{"items":"","readOnly":"","variant":"standard","maximumLength":"","isDisabled":true,"isDistinct":"","isRandomize":"","position":{"left":45,"top":0,"topUnit":"px","leftUnit":"px","transform":""},"hideErrorIndicator":false,"visibleRows":"","isShowLabel":true,"value":"","gridArea":"","placeholder":"","hideAsterisk":"","label":"סניף","isHidden":false,"hideValidIndicator":true,"tabOrder":"8","mandatory":true,"sfAsDefault":"","dependentPickList":""},"control":"select","object":"BankBranch__c"},"children":[],"parent":"e29"},"e416":{"type":"FormField","props":{"control":"number","lg":{"variant":"standard","currencyFormat":"1,200.50","position":{"left":0,"top":0,"leftUnit":"px","topUnit":"px","right":"","bottom":"","transform":""},"hideErrorIndicator":false,"value":"9632","placeholder":"","label":"מספר חשבון","isHidden":false,"thousandSymbol":"","tabOrder":"9","mandatory":true},"styleRef":"e416","md":{"readOnly":"","variant":"standard","maximumLength":"","isDisabled":"","currencyFormat":"1,200.50","autoFocus":"","position":{"left":"0","top":160,"leftUnit":"px","topUnit":"px","right":"","bottom":"","transform":""},"hideErrorIndicator":false,"visibleRows":"","isShowLabel":true,"value":"","gridArea":"row133","placeholder":"","hideAsterisk":"","label":"מספר חשבון","isHidden":false,"hideValidIndicator":true,"thousandSymbol":"","disallowPaste":"","tabOrder":"9","mandatory":true},"sml":{"readOnly":"","variant":"standard","maximumLength":"","isDisabled":"","currencyFormat":"1,200.50","autoFocus":"","position":{"left":304,"top":160,"leftUnit":"px","topUnit":"px","right":"","bottom":"","transform":""},"hideErrorIndicator":false,"visibleRows":"","isShowLabel":true,"value":"","gridArea":"row133","placeholder":"","hideAsterisk":"","label":"מספר חשבון","isHidden":false,"hideValidIndicator":true,"thousandSymbol":"","disallowPaste":"","tabOrder":"9","mandatory":true},"sm":{"readOnly":"","variant":"standard","maximumLength":"","isDisabled":"","currencyFormat":"1,200.50","autoFocus":"","position":{"left":188,"top":160,"leftUnit":"px","topUnit":"px","right":"","bottom":"","transform":""},"hideErrorIndicator":false,"visibleRows":"","isShowLabel":true,"value":"","gridArea":"row133","placeholder":"","hideAsterisk":"","label":"מספר חשבון","isHidden":false,"hideValidIndicator":true,"thousandSymbol":"","disallowPaste":"","tabOrder":"9","mandatory":true},"xs":{"readOnly":"","variant":"standard","maximumLength":"","isDisabled":"","currencyFormat":"1,200.50","autoFocus":"","position":{"left":45,"top":160,"leftUnit":"px","topUnit":"px","right":"","bottom":"","transform":""},"hideErrorIndicator":false,"visibleRows":"","isShowLabel":true,"value":"","gridArea":"row133","placeholder":"","hideAsterisk":"","label":"מספר חשבון","isHidden":false,"hideValidIndicator":true,"thousandSymbol":"","disallowPaste":"","tabOrder":"9","mandatory":true},"ss":{"readOnly":"","variant":"standard","maximumLength":"","isDisabled":"","currencyFormat":"1,200.50","autoFocus":"","position":{"left":25,"top":160,"leftUnit":"px","topUnit":"px","right":"","bottom":"","transform":""},"hideErrorIndicator":false,"visibleRows":"","isShowLabel":true,"value":"","gridArea":"row133","placeholder":"","hideAsterisk":"","label":"מספר חשבון","isHidden":false,"hideValidIndicator":true,"thousandSymbol":"","disallowPaste":"","tabOrder":"9","mandatory":true}},"children":[],"parent":"e29"},"e417":{"type":"FormField","props":{"ss":{"readOnly":"","variant":"standard","maximumLength":"","isDisabled":"","currencyFormat":"1,200.50","autoFocus":"","position":{"left":29,"top":0,"topUnit":"px","leftUnit":"px","transform":""},"hideErrorIndicator":false,"visibleRows":"","isShowLabel":true,"userTip":"מספר הלקוח מופיע בחשבונית","value":"","gridArea":"","placeholder":"","hideAsterisk":"","label":"מספר לקוח","isHidden":false,"hideValidIndicator":true,"thousandSymbol":"","disallowPaste":"","tabOrder":"1","mandatory":true},"styleRef":"e417","sml":{"readOnly":"","variant":"standard","maximumLength":"","isDisabled":"","currencyFormat":"1,200.50","autoFocus":"","position":{"left":283,"top":0,"topUnit":"px","leftUnit":"px","transform":""},"hideErrorIndicator":false,"visibleRows":"","isShowLabel":true,"userTip":"מספר הלקוח מופיע בחשבונית","value":"","gridArea":"","placeholder":"","hideAsterisk":"","label":"מספר לקוח","isHidden":false,"hideValidIndicator":true,"thousandSymbol":"","disallowPaste":"","tabOrder":"1","mandatory":true},"md":{"readOnly":"","variant":"standard","maximumLength":"","isDisabled":"","currencyFormat":"1,200.50","autoFocus":"","position":{"left":0,"top":0},"hideErrorIndicator":false,"visibleRows":"","isShowLabel":true,"userTip":"מספר הלקוח מופיע בחשבונית","value":"","gridArea":"","placeholder":"","hideAsterisk":"","label":"מספר לקוח","isHidden":false,"hideValidIndicator":true,"thousandSymbol":"","disallowPaste":"","tabOrder":"1","mandatory":true},"sm":{"readOnly":"","variant":"standard","maximumLength":"","isDisabled":"","currencyFormat":"1,200.50","autoFocus":"","position":{"left":167,"top":0,"topUnit":"px","leftUnit":"px","transform":""},"hideErrorIndicator":false,"visibleRows":"","isShowLabel":true,"userTip":"מספר הלקוח מופיע בחשבונית","value":"","gridArea":"","placeholder":"","hideAsterisk":"","label":"מספר לקוח","isHidden":false,"hideValidIndicator":true,"thousandSymbol":"","disallowPaste":"","tabOrder":"1","mandatory":true},"tag":"מספר לקוח","lg":{"variant":"standard","currencyFormat":"1,200.50","position":{"left":0,"top":0},"hideErrorIndicator":false,"userTip":"מספר הלקוח מופיע בחשבונית","value":"888888","placeholder":"","label":"מספר לקוח","isHidden":false,"thousandSymbol":"","tabOrder":"1","mandatory":true},"xs":{"readOnly":"","variant":"standard","maximumLength":"","isDisabled":"","currencyFormat":"1,200.50","autoFocus":"","position":{"left":15,"top":0,"topUnit":"px","leftUnit":"px","transform":""},"hideErrorIndicator":false,"visibleRows":"","isShowLabel":true,"userTip":"מספר הלקוח מופיע בחשבונית","value":"","gridArea":"","placeholder":"","hideAsterisk":"","label":"מספר לקוח","isHidden":false,"hideValidIndicator":true,"thousandSymbol":"","disallowPaste":"","tabOrder":"1","mandatory":true},"control":"number"},"children":[],"parent":"e29"},"s47":{"type":"Strip","props":{"styleRef":"s47","tag":"חתימה"},"children":["fit_s47_Col1"],"parent":null},"e419":{"type":"FormField","props":{"ss":{"variant":"standard","maximumLength":"","isDisabled":"","position":{"left":48,"top":59,"leftUnit":"px","topUnit":"px","right":"","bottom":"","transform":"","zIndex":2},"hideErrorIndicator":false,"visibleRows":"","isShowLabel":true,"value":"","gridArea":"Col1","placeholder":"[נא לחתום כאן]","hideAsterisk":"","label":"חתימה","isHidden":true,"hideValidIndicator":true,"drawLine":true,"tabOrder":"","mandatory":true},"styleRef":"e419","sml":{"variant":"standard","maximumLength":"","isDisabled":"","position":{"left":7,"top":59,"leftUnit":"px","topUnit":"px","right":"","bottom":"","transform":"","zIndex":2},"hideErrorIndicator":false,"visibleRows":"","isShowLabel":true,"value":"","gridArea":"Col1","placeholder":"[נא לחתום כאן]","hideAsterisk":"","label":"חתימה","isHidden":true,"hideValidIndicator":true,"drawLine":true,"tabOrder":"","mandatory":true},"md":{"variant":"standard","maximumLength":"","isDisabled":"","position":{"left":147,"top":59,"leftUnit":"px","topUnit":"px","right":"","bottom":"","transform":"","zIndex":2},"hideErrorIndicator":false,"visibleRows":"","isShowLabel":true,"value":"","gridArea":"Col1","placeholder":"[נא לחתום כאן]","hideAsterisk":"","label":"חתימה","isHidden":true,"hideValidIndicator":true,"drawLine":true,"tabOrder":"","mandatory":true},"docGen":{"enable":true,"marginLeft":"100","marginTop":"","marginBottom":"50","marginRight":""},"sm":{"variant":"standard","maximumLength":"","isDisabled":"","position":{"left":75,"top":59,"leftUnit":"px","topUnit":"px","right":"","bottom":"","transform":"","zIndex":2},"hideErrorIndicator":false,"visibleRows":"","isShowLabel":true,"value":"","gridArea":"Col1","placeholder":"[נא לחתום כאן]","hideAsterisk":"","label":"חתימה","isHidden":true,"hideValidIndicator":true,"drawLine":true,"tabOrder":"","mandatory":true},"tag":"חתימה פרטי לקוח","lg":{"variant":"standard","position":{"left":0,"top":0,"leftUnit":"px","topUnit":"px","right":"","bottom":"","transform":"","zIndex":2},"hideErrorIndicator":false,"value":"","gridArea":"row355","placeholder":"[נא לחתום כאן]","label":"חתימה","isHidden":true,"drawLine":true,"tabOrder":"","mandatory":false},"xs":{"variant":"standard","maximumLength":"","isDisabled":"","position":{"left":29,"top":59,"leftUnit":"px","topUnit":"px","right":"","bottom":"","transform":"","zIndex":2},"hideErrorIndicator":false,"visibleRows":"","isShowLabel":true,"value":"","gridArea":"Col1","placeholder":"[נא לחתום כאן]","hideAsterisk":"","label":"חתימה","isHidden":true,"hideValidIndicator":true,"drawLine":true,"tabOrder":"","mandatory":true},"control":"signature"},"children":[],"parent":"e29"},"s1":{"type":"Strip","props":{"styleRef":"s1","tag":"מקטע ראשי","lg":{"isHidden":false,"isHiddenCol1":false},"comment":""},"children":["e29","fit_s1_Col1"],"parent":null}},"TabOrder":"custom","isHideHeader":{"xs":false,"ss":false,"md":false,"sml":false,"sm":false},"isConfiguredAutoFit":{"xs":false,"ss":false,"md":false,"sml":false,"sm":false},"IsConfiguredDevice":{"xs":false,"ss":false,"md":false,"lg":true,"sml":false,"sm":false}}}