{"_id":"6396ea9908774b92d54a335d","UserID":857834,"IsDeleted":false,"Props":{"elements":{"s122":{"type":"Strip","props":{"styleRef":"s122"},"children":["e404"],"parent":null},"e404":{"type":"Form","props":{"lg":{"rows":3,"cols":1,"usePageBreak":false,"pageBreak":9,"gridArea":"Col1","position":{"left":"50","top":14,"leftUnit":"%","topUnit":"px","right":"unset","bottom":"","transform":"translateX(-50%)","rightUnit":""},"children":{"row405":{"index":0,"children":{"col406":{"index":0,"children":["e124"]}}},"row407":{"index":1,"children":{"col408":{"index":0,"children":[]}}},"row409":{"index":2,"children":{"col410":{"index":0,"children":["e123","e411","e412"]}}}},"isHidden":false},"styleRef":"e404","showSubmitButton":false},"children":["e124","e412"],"parent":"s122"},"e124":{"type":"Image","props":{"lg":{"src":"https://d3255hq6rclyj1.cloudfront.net/6321987a9e400d15c6550f40_ftusergal_.jpg","alt":"","position":{"left":0,"top":0,"topUnit":"px","bottom":"","leftUnit":"%","right":"unset","rightUnit":"","transform":"translateX(-50%)"},"isHidden":false},"styleRef":"e124"},"children":[],"parent":"e404"},"e412":{"type":"Typography","props":{"lg":{"text":"הטופס נשלח בהצלחה.\nנעדכן אותך בסיום הטיפול.\nהמשך יום נעים.\nפלאפון","variant":"p","gridArea":"","position":{"maxWidth":"","width":337.125,"left":0,"height":202,"widthUnit":"px","heightUnit":"px","maxHeight":"","disableInherit":true,"minWidth":"","top":0,"minWidthUnit":"px","minHeight":"","minHeightUnit":"px"},"isHidden":false},"styleRef":"e412"},"children":[],"parent":"e404"}},"Grid":["s122"],"styles":{"s122":{"type":"Strip","lg":{"root":{"minHeight":582,"height":"auto"},"areas":[["Col1"]],"rootActive":{"minHeight":632},"row0":847,"rows":1,"row0Unit":"px","rootHover":{"minHeight":632},"column0":1108.5,"columns":1,"column0Unit":"px"}},"e124":{"lg":{"root":{"width":"250","height":318,"alignSelf":"center"},"rootHover":{"width":"250","height":318,"alignSelf":"center"},"rootActive":{"width":"250","height":318,"alignSelf":"center"}},"type":"Image"},"e404":{"lg":{"root":{"width":850.8515625,"height":568}},"type":"Form"},"e412":{"lg":{"root":{"color":"#0072b6ff","width":"270","height":"auto","fontSize":"32px","alignSelf":"center","textAlign":"center","lineHeight":44}},"type":"Typography"}},"isSurveyForm":false,"ui":{"Drawer":[],"Modal":[]}},"IsDisabled":false,"isPublic":true,"URL":"ftfc98d9f23ed3430c8b2fe636e390a615","Description":"","Version":0,"ProjectID":"6396ea9908774b92d54a3359","isCachedCDN":"","__v":0,"CreatedAt":"2022-12-12T08:47:21.893Z","PublishProps":{"elements":{"s122":{"type":"Strip","props":{"styleRef":"s122"},"children":["e404"],"parent":null},"e404":{"type":"Form","props":{"lg":{"rows":3,"cols":1,"usePageBreak":false,"pageBreak":9,"gridArea":"Col1","position":{"left":"50","top":14,"leftUnit":"%","topUnit":"px","right":"unset","bottom":"","transform":"translateX(-50%)","rightUnit":""},"children":{"row405":{"index":0,"children":{"col406":{"index":0,"children":["e124"]}}},"row407":{"index":1,"children":{"col408":{"index":0,"children":[]}}},"row409":{"index":2,"children":{"col410":{"index":0,"children":["e123","e411","e412"]}}}},"isHidden":false},"styleRef":"e404","showSubmitButton":false},"children":["e124","e412"],"parent":"s122"},"e124":{"type":"Image","props":{"lg":{"src":"https://d3255hq6rclyj1.cloudfront.net/6321987a9e400d15c6550f40_ftusergal_.jpg","alt":"","position":{"left":0,"top":0,"topUnit":"px","bottom":"","leftUnit":"%","right":"unset","rightUnit":"","transform":"translateX(-50%)"},"isHidden":false},"styleRef":"e124"},"children":[],"parent":"e404"},"e412":{"type":"Typography","props":{"lg":{"text":"הטופס נשלח בהצלחה.\nנעדכן אותך בסיום הטיפול.\nהמשך יום נעים.\nפלאפון","variant":"p","gridArea":"","position":{"maxWidth":"","width":337.125,"left":0,"height":202,"widthUnit":"px","heightUnit":"px","maxHeight":"","disableInherit":true,"minWidth":"","top":0,"minWidthUnit":"px","minHeight":"","minHeightUnit":"px"},"isHidden":false},"styleRef":"e412"},"children":[],"parent":"e404"}},"Grid":["s122"],"styles":{"s122":{"type":"Strip","lg":{"root":{"minHeight":582,"height":"auto"},"areas":[["Col1"]],"rootActive":{"minHeight":632},"row0":847,"rows":1,"row0Unit":"px","rootHover":{"minHeight":632},"column0":1108.5,"columns":1,"column0Unit":"px"}},"e404":{"lg":{"root":{"width":850.8515625,"height":568}},"type":"Form"},"e124":{"lg":{"root":{"width":"250","height":318,"alignSelf":"center"},"rootHover":{"width":"250","height":318,"alignSelf":"center"},"rootActive":{"width":"250","height":318,"alignSelf":"center"}},"type":"Image"},"e412":{"lg":{"root":{"color":"#0072b6ff","width":"270","height":"auto","fontSize":"32px","alignSelf":"center","textAlign":"center","lineHeight":44}},"type":"Typography"}},"isSurveyForm":false,"ui":{"Drawer":[],"Modal":[]}}}