{"_id":"6396ea9908774b92d54a335b","UserID":857834,"IsDeleted":false,"Props":{"styles":{"e61":{"type":"FormField","lg":{"root":{"width":270.3298645019531,"height":"120"},"text":"#011743ff","line":"#0072b6ff","labelColor":"#011743ff","borderWidth":"1","borderRadius":"6"},"additionalControls":["signature"]},"e62":{"type":"FormField","lg":{"root":{"width":"270"}},"additionalControls":["text"]},"e41":{"type":"FormField","lg":{"root":{"width":"270"}},"additionalControls":["text"]},"e64":{"type":"FormField","lg":{"root":{"width":270.5}},"additionalControls":["text"]},"e291":{"type":"FormField","lg":{"root":{"width":"270"}},"additionalControls":["text"]},"e56":{"type":"Button","lg":{"root":{"width":"180","height":"40","backgroundColor":"#0473b8","fontSize":"20px","alignSelf":"center"},"rootHover":{"color":"rgba(255, 255, 255, 1)","paddingTop":"0","borderStyle":"solid","width":"180","height":"40","fontWeight":"normal","paddingRight":"0","fontSize":"20px","fontFamily":"Arial, 'Helvetica Neue', Helvetica, sans-serif;","backgroundColor":"#0473b8","borderColor":"#0091ff","paddingLeft":"0","borderWidth":"1","lineHeight":"30","paddingBottom":"0","letterSpacing":0,"borderRadius":"26"},"rootActive":{"color":"rgba(255, 255, 255, 1)","paddingTop":"0","borderStyle":"solid","width":"180","height":"40","fontWeight":"normal","paddingRight":"0","fontSize":"20px","fontFamily":"Arial, 'Helvetica Neue', Helvetica, sans-serif;","backgroundColor":"#0473b8","borderColor":"#0091ff","paddingLeft":"0","borderWidth":"1","lineHeight":"30","paddingBottom":"0","letterSpacing":0,"borderRadius":"26"}}},"e57":{"type":"FormField","lg":{"root":{"width":"270"}},"additionalControls":["text"]},"e15":{"type":"FormField","lg":{"root":{"width":"270","maxWidthUnit":"%"}},"additionalControls":["text"]},"e131":{"type":"FormField","lg":{"root":{"width":"270","alignSelf":"flex-start"}},"additionalControls":["text"]},"e19":{"type":"FormField","lg":{"root":{"width":"270"}},"additionalControls":["email"]},"e137":{"type":"FormField","lg":{"root":{"width":"270","height":146.184,"fontSize":"14px","alignSelf":"flex-start"},"input":{"fontSize":"14px"},"label":{"fontSize":"14px"},"iconStyle":{"marginRight":"0"},"labelWidth":"300","filled":"#ffffffff","iconColor":"#0078bdff"},"additionalControls":["fileupload"]},"e138":{"type":"FormField","lg":{"root":{"width":"270","height":146.184,"fontSize":"14px","alignSelf":"flex-start","justifySelf":"flex-end"},"input":{"fontSize":"14px"},"label":{"fontSize":"14px"},"labelWidth":"250","filled":"#ffffffff","iconColor":"#0078bdff"},"additionalControls":["fileupload"]},"e139":{"type":"FormField","lg":{"root":{"width":"270","height":146.184,"fontSize":"14px","alignSelf":"flex-start"},"input":{"fontSize":"14px"},"label":{"fontSize":"14px"},"labelWidth":"250","filled":"#ffffffff","iconColor":"#0078bdff"},"additionalControls":["fileupload"]},"s47":{"type":"Strip","lg":{"columns":1,"rows":1,"areas":[["Col1"]],"root":{"minHeight":57,"height":"auto"},"row0":57,"row0Unit":"px","ft__Col1":{"lineHeight":14}}},"s1":{"type":"Strip","lg":{"columns":1,"rows":1,"areas":[["Col1"]],"root":{"minHeight":1090.9965362548828,"height":"auto"},"row0":1090.9965362548828,"row0Unit":"px"}}},"Grid":["s1","s47"],"isSurveyForm":false,"ui":{"Drawer":[],"Modal":[]},"elements":{"e61":{"type":"FormField","props":{"styleRef":"e61","docGen":{"enable":true,"marginLeft":"175","marginBottom":"","marginTop":"50"},"tag":"חתימה","lg":{"variant":"standard","position":{"left":"250.0000915527344","top":-24.888885498046875,"leftUnit":"px","topUnit":"px","right":"","bottom":"","transform":""},"hideErrorIndicator":false,"value":"","placeholder":"[נא לחתום כאן]","label":"חתימה","isHidden":true,"drawLine":true,"tabOrder":"","mandatory":true},"control":"signature","isInvisibleByDefault":false},"children":[],"parent":"e29"},"e62":{"type":"FormField","props":{"styleRef":"e62","isHavePrefix":false,"valueRule":[{"uid":"0c13cdd8-1c2e-4acf-ab38-d7e68cb275b4","conditions":[{"field":{"value":"p2:e62","label":"מספר נייד לקוח פרטי","uid":"e62","group":"view:p2","type":"FormField","subType":"text"},"operator":"maxlength","valueType":"value","value":"11","bracket":"","post":""},{"field":{"value":"p2:e62","label":"מספר נייד לקוח פרטי","uid":"e62","group":"view:p2","type":"FormField","subType":"text"},"operator":"minlength","valueType":"value","value":"10","bracket":"","post":"and"},{"field":{"value":"p2:e62","label":"מספר נייד לקוח פרטי","uid":"e62","group":"view:p2","type":"FormField","subType":"text"},"operator":"startswith","valueType":"value","value":"05","bracket":"","post":""}],"isAction":false,"message":"מספר לא תקין"}],"tag":"מספר נייד לקוח מקבל","lg":{"variant":"standard","maximumLength":"","fieldMask":"","position":{"left":0,"top":0},"hideErrorIndicator":false,"value":"","placeholder":"","label":"מספר נייד לחזרה","isHidden":false,"tabOrder":"3","mandatory":true,"isHaveClearIco":false},"control":"text"},"children":[],"parent":"e29"},"e41":{"type":"FormField","props":{"styleRef":"e41","tag":"שם מלא של לקוח נפטר","lg":{"variant":"standard","position":{"rightUnit":"px","left":"0","leftUnit":"px","bottom":"unset","transform":"","bottomUnit":"px","top":"0","zIndex":4,"topUnit":"px","right":"unset"},"hideErrorIndicator":false,"value":"","gridArea":"row30","placeholder":"","label":"שם מלא","isHidden":false,"tabOrder":"6","mandatory":true,"isHaveClearIco":false},"control":"text"},"children":[],"parent":"e29"},"e64":{"type":"FormField","props":{"styleRef":"e64","tag":"סוג קרבה","lg":{"variant":"standard","position":{"rightUnit":"px","left":0,"leftUnit":"px","bottom":"unset","transform":"","bottomUnit":"px","top":0,"zIndex":4,"topUnit":"px","right":"unset"},"hideErrorIndicator":false,"value":"","gridArea":"Col1","placeholder":"","label":"סוג קרבה","isHidden":false,"tabOrder":"5","mandatory":true,"isHaveClearIco":false},"control":"text"},"children":[],"parent":"e29"},"e43":{"type":"Typography","props":{"lg":{"text":"פרטי הנפטר","variant":"subhead","gridArea":"row30","position":{"rightUnit":"px","left":"0","height":"auto","leftUnit":"px","bottom":"","heightUnit":"px","maxHeight":"","transform":"","disableInherit":true,"top":"0","zIndex":5,"topUnit":"px","minHeight":"","right":"unset","minHeightUnit":"px"},"isHidden":false},"styleRef":"e318","tag":"פרטי הנפטר"},"children":[],"parent":"e29"},"e291":{"type":"FormField","props":{"styleRef":"e291","isHavePrefix":false,"valueRule":[{"uid":"0c13cdd8-1c2e-4acf-ab38-d7e68cb275b4","conditions":[{"field":{"value":"p2:e291","label":"מספר נייד לקוח פרטי","uid":"e291","group":"view:p2","type":"FormField","subType":"text"},"operator":"maxlength","valueType":"value","value":"11","bracket":"","post":""},{"field":{"value":"p2:e291","label":"מספר נייד לקוח פרטי","uid":"e291","group":"view:p2","type":"FormField","subType":"text"},"operator":"minlength","valueType":"value","value":"10","bracket":"","post":"and"},{"field":{"value":"p2:e291","label":"מספר נייד לקוח פרטי","uid":"e291","group":"view:p2","type":"FormField","subType":"text"},"operator":"startswith","valueType":"value","value":"05","bracket":"","post":""}],"isAction":false,"message":"מספר לא תקין"}],"tag":"מספר נייד  נפטר","lg":{"variant":"standard","maximumLength":"10","fieldMask":"0000000000","position":{"left":32.99658203125,"top":7.21875,"leftUnit":"px","topUnit":"px","right":"","bottom":"","transform":""},"hideErrorIndicator":false,"value":"","placeholder":"","label":"מספר נייד  ","isHidden":false,"tabOrder":"8","mandatory":true,"isHaveClearIco":false},"control":"text"},"children":[],"parent":"e29"},"e56":{"type":"Button","props":{"styleRef":"e56","target":"self","action":[{"uid":"4e313b67-c35f-45df-b1bc-ec4c8491883d","conditions":[],"isAction":false,"actions":{"actionFlow":{"0":{"enabled":true,"list":[{"id":"2dba5d2f-bee8-4810-b99a-0adf70b1730f","type":"input","data":{"label":"Start"},"position":{"x":-395,"y":31}},{"id":"6f73d6a9-68e1-4f16-9a9c-14342329064c","type":"action","actionType":"docGen","tag":"הפקת מסמך","data":{"docGen":{"0":{"enabled":true,"selected":"560d0346-ee56-4643-9f5b-79026559157e","action":"interactive","method":"web"}}},"position":{"x":46,"y":169}},{"id":"790610e5-73a4-436c-a9df-407fcc92f005","type":"action","actionType":"formInteractivity","tag":"validation","data":{"formInteractivity":{"0":{"enabled":true,"form":"p2:e29","action":"Validate fields"}}},"position":{"x":-306,"y":65}},{"id":"1c6f5273-e767-4de4-92e5-e140f7894a5a","type":"action","actionType":"formInteractivity","tag":"set readonly","data":{"formInteractivity":{"0":{"enabled":true,"action":"Read Only Form","form":"p2:e29"}}},"position":{"x":-192,"y":174}},{"id":"67d31c3f-2c3e-4cf8-a0ef-6568ebc202d4","type":"affectElements","actionType":"affectElements","tag":"","data":{"p2:e56":[{"elemType":"Button","type":"disable"}],"p2:s47":[{"elemType":"Strip","type":"mandatory"}]},"position":{"x":-85,"y":81}},{"id":"f15096bd-2129-400e-8d74-e12684935ead","type":"action","actionType":"msgDlg","tag":"","data":{"msgDlg":{"0":{"enabled":true,"variant":"message","message":"VALIDATION!!!"}}},"position":{"x":-207,"y":297}},{"animated":false,"sourceHandle":"onValid","target":"6f73d6a9-68e1-4f16-9a9c-14342329064c","style":{"strokeDasharray":5},"label":"x","targetHandle":null,"type":"default","source":"e03d89f5-f72d-46a5-92fe-00e9435a65e5","id":"reactflow__edge-e03d89f5-f72d-46a5-92fe-00e9435a65e5onValid-6f73d6a9-68e1-4f16-9a9c-14342329064cnull","labelStyle":{"fontSize":14}},{"sourceHandle":null,"target":"790610e5-73a4-436c-a9df-407fcc92f005","style":{"strokeDasharray":5},"label":"x","targetHandle":"if","type":"default","source":"2dba5d2f-bee8-4810-b99a-0adf70b1730f","id":"ed397fc6-12e0-4b81-b7e1-12c768781c4c","labelStyle":{"fontSize":14}},{"sourceHandle":null,"target":"67d31c3f-2c3e-4cf8-a0ef-6568ebc202d4","style":{"strokeDasharray":5},"label":"x","targetHandle":"if","type":"default","source":"1c6f5273-e767-4de4-92e5-e140f7894a5a","id":"a15b8bbf-e538-4c3b-a969-3a45d05481b7","labelStyle":{"fontSize":14}},{"animated":false,"sourceHandle":null,"target":"6f73d6a9-68e1-4f16-9a9c-14342329064c","style":{"strokeDasharray":5},"label":"x","targetHandle":null,"type":"default","source":"67d31c3f-2c3e-4cf8-a0ef-6568ebc202d4","id":"reactflow__edge-67d31c3f-2c3e-4cf8-a0ef-6568ebc202d4null-6f73d6a9-68e1-4f16-9a9c-14342329064cnull","labelStyle":{"fontSize":14}},{"animated":false,"sourceHandle":"onValid","target":"1c6f5273-e767-4de4-92e5-e140f7894a5a","style":{"strokeDasharray":5},"label":"x","targetHandle":null,"type":"default","source":"790610e5-73a4-436c-a9df-407fcc92f005","id":"reactflow__edge-790610e5-73a4-436c-a9df-407fcc92f005onValid-1c6f5273-e767-4de4-92e5-e140f7894a5anull","labelStyle":{"fontSize":14}},{"sourceHandle":"onInValid","target":"f15096bd-2129-400e-8d74-e12684935ead","style":{"strokeDasharray":5},"label":"x","targetHandle":"if","type":"default","source":"790610e5-73a4-436c-a9df-407fcc92f005","id":"fdb1aeb2-44db-4531-ae41-546173f4e76f","labelStyle":{"fontSize":14}}]}}},"modeType":"flow"}],"type":"redirect","lg":{"text":"הבא","gridArea":"row349","variant":"primary","position":{"left":"unset","top":"0","leftUnit":"px","topUnit":"px","right":"0","bottom":"","transform":"","rightUnit":"px"},"allowProgress":false,"isHidden":false,"tabOrder":"14"},"redirect":{"label":"Other","value":"other"},"customURL":""},"children":[],"parent":"e29"},"e13":{"type":"Typography","props":{"lg":{"text":"העברה על שם מנפטר 1","variant":"title","gridArea":"row376","position":{"rightUnit":"px","maxWidth":"","width":"auto","left":"0","height":52.986114501953125,"widthUnit":"px","leftUnit":"px","bottom":"","heightUnit":"px","maxHeight":"","transform":"","bottomUnit":"px","disableInherit":true,"minWidth":"","top":"0","minWidthUnit":"px","topUnit":"px","minHeight":"","right":"","minHeightUnit":"px"},"isHidden":false},"styleRef":"e325"},"children":[],"parent":"e29"},"e57":{"type":"FormField","props":{"styleRef":"e57","valueRule":[{"uid":"f17a387e-54b0-4004-a895-a7b26029a4d9","conditions":[{"field":{"value":"p2:e57","label":"תעודת זהות","uid":"e57","group":"view:p2","type":"FormField","subType":"text"},"operator":"israelID","valueType":"value","value2Type":"value","value":"","value2":"","bracket":"","post":""},{"field":{"value":"p2:e57","label":"תעודת זהות","uid":"e57","group":"view:p2","type":"FormField","subType":"text"},"operator":"minlength","valueType":"value","value":"9","bracket":"","post":""},{"field":{"value":"p2:e57","label":"תעודת זהות","uid":"e57","group":"view:p2","type":"FormField","subType":"text"},"operator":"maxlength","valueType":"value","value":"9","bracket":"","post":""}],"isAction":false,"message":"מספר ת.ז. חייב להכיל 9 ספרות","name":"בדית מספר זהות"}],"tag":"תעודת זהות","lg":{"variant":"standard","position":{"left":0,"top":0},"hideErrorIndicator":false,"value":"","gridArea":"","placeholder":"","label":"תעודת זהות","isHidden":false,"tabOrder":"2","mandatory":true,"isHaveClearIco":false},"control":"text"},"children":[],"parent":"e29"},"e15":{"type":"FormField","props":{"styleRef":"e15","isHavePrefix":false,"isInvisibleByDefault":false,"docGen":{"enable":false},"tag":"שם לקוח מקבל","lg":{"readOnly":false,"variant":"standard","isDisabled":false,"isForceLTR":false,"autoFocus":false,"position":{"rightUnit":"px","left":"0","leftUnit":"px","bottom":"unset","transform":"","bottomUnit":"px","top":"0","zIndex":4,"topUnit":"px","right":"unset"},"hideErrorIndicator":false,"isFixedLabel":false,"disableAutoSuggest":false,"userTip":"","allowCharCount":false,"value":"","gridArea":"row30","placeholder":"","label":"שם מלא ","isHidden":false,"tabOrder":"1","mandatory":true,"isHaveClearIco":false},"control":"text"},"children":[],"parent":"e29"},"e131":{"type":"FormField","props":{"styleRef":"e131","valueRule":[{"uid":"f17a387e-54b0-4004-a895-a7b26029a4d9","conditions":[{"field":{"value":"p2:e131","label":"תעודת זהות","uid":"e131","group":"view:p2","type":"FormField","subType":"text"},"operator":"israelID","valueType":"value","value2Type":"value","value":"","value2":"","bracket":"","post":""},{"field":{"value":"p2:e131","label":"תעודת זהות","uid":"e131","group":"view:p2","type":"FormField","subType":"text"},"operator":"minlength","valueType":"value","value":"9","bracket":"","post":""},{"field":{"value":"p2:e131","label":"תעודת זהות","uid":"e131","group":"view:p2","type":"FormField","subType":"text"},"operator":"maxlength","valueType":"value","value":"9","bracket":"","post":""}],"isAction":false,"message":"מספר ת.ז. חייב להכיל 9 ספרות","name":"בדית מספר זהות"}],"tag":"  תעודת זהות הנפטר","lg":{"variant":"standard","position":{"left":"unset","top":0,"leftUnit":"px","right":"0","rightUnit":"px","transform":""},"hideErrorIndicator":false,"value":"","placeholder":"","label":" תעודת זהות","isHidden":false,"tabOrder":"7","mandatory":true,"isHaveClearIco":false},"control":"text"},"children":[],"parent":"e29"},"e29":{"type":"Form","props":{"styleRef":"e29","showSubmitButton":false,"tag":"פרטי לקוח מקבל","lg":{"position":{"left":0,"top":32,"leftUnit":"px","topUnit":"px","right":"","bottom":"","transform":"","bottomUnit":"px"},"usePageBreak":false,"isHiddencol":{"2":false},"pageBreak":9,"gridArea":"Col1","cols":3,"isHidden":false,"rows":15,"isDisableParentResize":false,"children":{"row319":{"index":6,"children":{"col320":{"index":0,"children":["e43"]},"col321":{"index":1,"children":[]},"col388":{"index":2,"children":[]}},"isMerged":true,"isCustomMerged":false},"row370":{"index":12,"children":{"col371":{"index":0,"children":["e137"]},"col372":{"index":1,"children":["e138"]},"col389":{"index":2,"children":["e139"]}}},"row361":{"index":14,"children":{"col362":{"index":0,"children":[]},"col363":{"index":1,"children":[]},"col390":{"index":2,"children":[]}},"isMerged":true,"isCustomMerged":false},"row175":{"index":7,"children":{"col176":{"index":0,"children":["e41"]},"col177":{"index":1,"children":["e131"]},"col391":{"index":2,"children":[],"isHidden":true}},"isCustomMerged":true,"isMerged":false,"mergeList":{"col176":1,"col177":2,"col391":2}},"row166":{"index":4,"children":{"col167":{"index":0,"children":["e64"]},"col168":{"index":1,"children":[]},"col393":{"index":2,"children":[]}},"isMerged":true,"isCustomMerged":false},"row376":{"index":0,"children":{"col377":{"index":0,"children":["e13"]},"col378":{"index":1,"children":[]},"col394":{"index":2,"children":[]}},"isMerged":true,"isCustomMerged":false},"row322":{"index":5,"children":{"col323":{"index":0,"children":[]},"col324":{"index":1,"children":[]},"col395":{"index":2,"children":[]}},"isMerged":true,"isCustomMerged":false},"row333":{"index":1,"children":{"col334":{"index":0,"children":["e336"]},"col335":{"index":1,"children":[]},"col396":{"index":2,"children":[]}},"isMerged":true,"isCustomMerged":false},"row32":{"index":2,"children":{"col37":{"index":1,"children":["e17","e134","e57"]},"col33":{"index":0,"children":["e15"]},"col397":{"index":2,"children":[],"isHidden":true}},"isCustomMerged":true,"isMerged":false,"mergeList":{"col33":1,"col37":2,"col397":2}},"row355":{"index":9,"children":{"col356":{"index":0,"children":[]},"col357":{"index":1,"children":[]},"col398":{"index":2,"children":[]}},"isMerged":true,"isCustomMerged":false},"row34":{"index":3,"children":{"col38":{"index":1,"children":["e19","e63"]},"col35":{"index":0,"children":["e18","e62"]},"col399":{"index":2,"children":[]}},"isCustomMerged":true,"isMerged":false,"mergeList":{"col35":1,"col38":2,"col399":2}},"row346":{"index":10,"children":{"col347":{"index":0,"children":["e92"]},"col348":{"index":1,"children":[]},"col400":{"index":2,"children":[]}},"isMerged":true,"isCustomMerged":false},"row358":{"index":13,"children":{"col359":{"index":0,"children":["e61"]},"col360":{"index":1,"children":[]},"col401":{"index":2,"children":[]}},"isMerged":true,"isCustomMerged":false},"row326":{"index":8,"children":{"col327":{"index":0,"children":["e291"]},"col328":{"index":1,"children":[]},"col402":{"index":2,"children":[]}},"isMerged":true,"isCustomMerged":false},"row349":{"index":15,"children":{"col350":{"index":0,"children":["e56"]},"col351":{"index":1,"children":[]},"col403":{"index":2,"children":[]}},"isMerged":true,"isCustomMerged":false}}}},"children":["e15","e19","e57","e62","e64","e43","e41","e131","e291","e336","e61","e92","e139","e56","e137","e138","e13"],"parent":"s1"},"e19":{"type":"FormField","props":{"control":"email","lg":{"variant":"standard","position":{"rightUnit":"px","left":"0","leftUnit":"px","bottom":"unset","transform":"","bottomUnit":"px","top":"0","zIndex":1,"topUnit":"px","right":"unset"},"hideErrorIndicator":false,"value":"","gridArea":"row34","placeholder":"","label":"דואר אלקטרוני ","isHidden":false,"tabOrder":"4","mandatory":true},"styleRef":"e19"},"children":[],"parent":"e29"},"e137":{"type":"FormField","props":{"styleRef":"e137","docGen":{"enable":false,"width":"500","height":"100"},"tag":"","lg":{"filesSelectedLabel":"המסמך הועלה בהצלחה","filesLimit":"1","variant":"dropzone","position":{"rightUnit":"px","left":0,"leftUnit":"px","bottom":"unset","transform":"","bottomUnit":"px","top":0,"topUnit":"px","right":"unset"},"hideErrorIndicator":false,"compressionSettings":{"quality":"","maxWidth":"600","maxHeight":"600"},"allowOnAttach":true,"value":"","placeholder":"","label":"ת.ז של קרוב המשפחה אליו עובר המנוי","isHidden":false,"isImageCompression":true,"hideValidIndicator":true,"icon":"CameraAlt","tabOrder":"11","mandatory":true,"noFilesLabel":"נא להעלות מסמך"},"control":"fileupload","captions":{"Max file size":"גודל קובץ מקסימלי להעלאה הוא 4MB"},"valueRule":[]},"children":[],"parent":"e29"},"e336":{"type":"Typography","props":{"lg":{"text":"פרטי קרוב המשפחה שאליו עובר המנוי","variant":"subhead","position":{"rightUnit":"px","maxWidth":"","width":"auto","left":0,"height":"auto","widthUnit":"px","leftUnit":"px","bottom":"","heightUnit":"px","transform":"","disableInherit":true,"minWidth":"","top":0,"zIndex":5,"minWidthUnit":"px","topUnit":"px","right":""},"isHidden":false},"styleRef":"e318","tag":"פרטי קרוב המשפחה אליו עובר המנוי"},"children":[],"parent":"e29"},"e138":{"type":"FormField","props":{"styleRef":"e138","tag":"צירוף תעודת פטירה","lg":{"filesSelectedLabel":"המסמך הועלה בהצלחה","filesLimit":"1","variant":"dropzone","position":{"rightUnit":"px","left":0,"leftUnit":"px","bottom":"0","transform":"","bottomUnit":"px","top":"unset","topUnit":"px","right":"unset"},"hideErrorIndicator":false,"compressionSettings":{"quality":"","maxWidth":"600","maxHeight":"600"},"value":"","gridArea":"row370","placeholder":"","label":"תעודת פטירה","isHidden":false,"isImageCompression":true,"icon":"CameraAlt","tabOrder":"12","mandatory":true,"noFilesLabel":"נא להעלות מסמך"},"control":"fileupload","captions":{"Max file size":"גודל קובץ מקסימלי להעלאה הוא 4MB"},"valueRule":[{"uid":"1da0c58f-a3c1-4a20-b03f-50ed0f0f5bbc","conditions":[{"field":{"value":"p2:e138","label":"צירוף תעודת פטירה / File","uid":"e138","group":"view:p2","type":"FormField","subType":"fileupload"},"operator":"maxFileSizeInMB","valueType":"value","value2Type":"value","value":"9","value2":"","bracket":"","post":""}],"isAction":false,"message":"גודל קובץ מקסימלי להעלאה הוא 4MB"}]},"children":[],"parent":"e29"},"e139":{"type":"FormField","props":{"control":"fileupload","lg":{"filesSelectedLabel":"המסמך הועלה בהצלחה","filesLimit":"1","variant":"dropzone","position":{"rightUnit":"px","left":0,"leftUnit":"px","bottom":"","transform":"","bottomUnit":"px","top":-84.24652099609375,"topUnit":"px","right":"unset"},"hideErrorIndicator":false,"compressionSettings":{"quality":"","maxWidth":"600","maxHeight":"600"},"allowOnAttach":false,"value":"","placeholder":"","hideAsterisk":true,"label":"צו ירושה","isHidden":false,"isImageCompression":true,"hideValidIndicator":true,"icon":"CameraAlt","tabOrder":"13","mandatory":false,"noFilesLabel":"נא להעלות מסמך"},"styleRef":"e139","valueRule":[{"uid":"3e8dbb87-6cad-452b-9c06-f3df9fbfd6a8","conditions":[{"field":{"value":"p2:e139","label":"צו ירושה / File","uid":"e139","group":"view:p2","type":"FormField","subType":"fileupload"},"operator":"maxFileSizeInMB","valueType":"value","value2Type":"value","value":"9","value2":"","bracket":"","post":""}],"isAction":false,"message":"קובץ מקסימלי להעלאה עד 4 מגה"}]},"children":[],"parent":"e29"},"s47":{"type":"Strip","props":{"styleRef":"s47","tag":"חתימה"},"children":["fit_s47_Col1"],"parent":null},"s1":{"type":"Strip","props":{"styleRef":"s1","tag":"מקטע ראשי","lg":{"isHidden":false,"isHiddenCol1":false},"comment":""},"children":["e29","fit_s1_Col1"],"parent":null},"e92":{"type":"Typography","props":{"lg":{"text":"העלאת מסמכים","variant":"subhead","position":{"left":0,"top":0,"disableInherit":true,"leftUnit":"px","topUnit":"px","right":"","bottom":"","transform":""},"isHidden":false},"styleRef":"e318"},"children":[],"parent":"e29"}},"TabOrder":"custom","isHideHeader":{"xs":false,"ss":false,"md":false,"sml":false,"sm":false},"isConfiguredAutoFit":{"xs":false,"ss":false,"md":false,"sml":false,"sm":false},"IsConfiguredDevice":{"xs":false,"ss":false,"md":false,"lg":true,"sml":false,"sm":false}},"IsDisabled":false,"isPublic":true,"URL":"ft26b99a5a89d947f1b213e6df120f7f72","Description":"","Version":0,"ProjectID":"6396ea9908774b92d54a3359","isCachedCDN":"true","__v":0,"CreatedAt":"2022-12-12T08:47:21.877Z","PublishProps":{"styles":{"e61":{"type":"FormField","lg":{"root":{"width":270.3298645019531,"height":"120"},"text":"#011743ff","line":"#0072b6ff","labelColor":"#011743ff","borderWidth":"1","borderRadius":"6"},"additionalControls":["signature"]},"e62":{"type":"FormField","lg":{"root":{"width":"270"}},"additionalControls":["text"]},"e41":{"type":"FormField","lg":{"root":{"width":"270"}},"additionalControls":["text"]},"e64":{"type":"FormField","lg":{"root":{"width":270.5}},"additionalControls":["text"]},"e291":{"type":"FormField","lg":{"root":{"width":"270"}},"additionalControls":["text"]},"e56":{"type":"Button","lg":{"root":{"width":"180","height":"40","backgroundColor":"#0473b8","fontSize":"20px","alignSelf":"center"},"rootHover":{"color":"rgba(255, 255, 255, 1)","paddingTop":"0","borderStyle":"solid","width":"180","height":"40","fontWeight":"normal","paddingRight":"0","fontSize":"20px","fontFamily":"Arial, 'Helvetica Neue', Helvetica, sans-serif;","backgroundColor":"#0473b8","borderColor":"#0091ff","paddingLeft":"0","borderWidth":"1","lineHeight":"30","paddingBottom":"0","letterSpacing":0,"borderRadius":"26"},"rootActive":{"color":"rgba(255, 255, 255, 1)","paddingTop":"0","borderStyle":"solid","width":"180","height":"40","fontWeight":"normal","paddingRight":"0","fontSize":"20px","fontFamily":"Arial, 'Helvetica Neue', Helvetica, sans-serif;","backgroundColor":"#0473b8","borderColor":"#0091ff","paddingLeft":"0","borderWidth":"1","lineHeight":"30","paddingBottom":"0","letterSpacing":0,"borderRadius":"26"}}},"e57":{"type":"FormField","lg":{"root":{"width":"270"}},"additionalControls":["text"]},"e15":{"type":"FormField","lg":{"root":{"width":"270","maxWidthUnit":"%"}},"additionalControls":["text"]},"e131":{"type":"FormField","lg":{"root":{"width":"270","alignSelf":"flex-start"}},"additionalControls":["text"]},"e19":{"type":"FormField","lg":{"root":{"width":"270"}},"additionalControls":["email"]},"e137":{"type":"FormField","lg":{"root":{"width":"270","height":146.184,"fontSize":"14px","alignSelf":"flex-start"},"input":{"fontSize":"14px"},"label":{"fontSize":"14px"},"iconStyle":{"marginRight":"0"},"labelWidth":"300","filled":"#ffffffff","iconColor":"#0078bdff"},"additionalControls":["fileupload"]},"e138":{"type":"FormField","lg":{"root":{"width":"270","height":146.184,"fontSize":"14px","alignSelf":"flex-start","justifySelf":"flex-end"},"input":{"fontSize":"14px"},"label":{"fontSize":"14px"},"labelWidth":"250","filled":"#ffffffff","iconColor":"#0078bdff"},"additionalControls":["fileupload"]},"e139":{"type":"FormField","lg":{"root":{"width":"270","height":146.184,"fontSize":"14px","alignSelf":"flex-start"},"input":{"fontSize":"14px"},"label":{"fontSize":"14px"},"labelWidth":"250","filled":"#ffffffff","iconColor":"#0078bdff"},"additionalControls":["fileupload"]},"s47":{"type":"Strip","lg":{"columns":1,"rows":1,"areas":[["Col1"]],"root":{"minHeight":57,"height":"auto"},"row0":57,"row0Unit":"px","ft__Col1":{"lineHeight":14}}},"s1":{"type":"Strip","lg":{"columns":1,"rows":1,"areas":[["Col1"]],"root":{"minHeight":1088,"height":"auto"},"row0":1088,"row0Unit":"px"}}},"Grid":["s1","s47"],"isSurveyForm":false,"ui":{"Drawer":[],"Modal":[]},"elements":{"e61":{"type":"FormField","props":{"styleRef":"e61","docGen":{"enable":true,"marginLeft":"175","marginBottom":"","marginTop":"50"},"tag":"חתימה","lg":{"variant":"standard","position":{"left":"250.0000915527344","top":-24.888885498046875,"leftUnit":"px","topUnit":"px","right":"","bottom":"","transform":""},"hideErrorIndicator":false,"value":"","placeholder":"[נא לחתום כאן]","label":"חתימה","isHidden":true,"drawLine":true,"tabOrder":"","mandatory":false},"control":"signature","isInvisibleByDefault":false},"children":[],"parent":"e29"},"e62":{"type":"FormField","props":{"styleRef":"e62","isHavePrefix":false,"valueRule":[{"uid":"0c13cdd8-1c2e-4acf-ab38-d7e68cb275b4","conditions":[{"field":{"value":"p2:e62","label":"מספר נייד לקוח פרטי","uid":"e62","group":"view:p2","type":"FormField","subType":"text"},"operator":"maxlength","valueType":"value","value":"11","bracket":"","post":""},{"field":{"value":"p2:e62","label":"מספר נייד לקוח פרטי","uid":"e62","group":"view:p2","type":"FormField","subType":"text"},"operator":"minlength","valueType":"value","value":"10","bracket":"","post":"and"},{"field":{"value":"p2:e62","label":"מספר נייד לקוח פרטי","uid":"e62","group":"view:p2","type":"FormField","subType":"text"},"operator":"startswith","valueType":"value","value":"05","bracket":"","post":""}],"isAction":false,"message":"מספר לא תקין"}],"tag":"מספר נייד לקוח מקבל","lg":{"variant":"standard","maximumLength":"","fieldMask":"","position":{"left":0,"top":0},"hideErrorIndicator":false,"value":"","placeholder":"","label":"מספר נייד לחזרה","isHidden":false,"tabOrder":"3","mandatory":true,"isHaveClearIco":false},"control":"text"},"children":[],"parent":"e29"},"e41":{"type":"FormField","props":{"styleRef":"e41","tag":"שם מלא של לקוח נפטר","lg":{"variant":"standard","position":{"rightUnit":"px","left":"0","leftUnit":"px","bottom":"unset","transform":"","bottomUnit":"px","top":"0","zIndex":4,"topUnit":"px","right":"unset"},"hideErrorIndicator":false,"value":"","gridArea":"row30","placeholder":"","label":"שם מלא","isHidden":false,"tabOrder":"6","mandatory":true,"isHaveClearIco":false},"control":"text"},"children":[],"parent":"e29"},"e64":{"type":"FormField","props":{"styleRef":"e64","tag":"סוג קרבה","lg":{"variant":"standard","position":{"rightUnit":"px","left":0,"leftUnit":"px","bottom":"unset","transform":"","bottomUnit":"px","top":0,"zIndex":4,"topUnit":"px","right":"unset"},"hideErrorIndicator":false,"value":"","gridArea":"Col1","placeholder":"","label":"סוג קרבה","isHidden":false,"tabOrder":"5","mandatory":true,"isHaveClearIco":false},"control":"text"},"children":[],"parent":"e29"},"e43":{"type":"Typography","props":{"lg":{"text":"פרטי הנפטר","variant":"subhead","gridArea":"row30","position":{"rightUnit":"px","left":"0","height":"auto","leftUnit":"px","bottom":"","heightUnit":"px","maxHeight":"","transform":"","disableInherit":true,"top":"0","zIndex":5,"topUnit":"px","minHeight":"","right":"unset","minHeightUnit":"px"},"isHidden":false},"styleRef":"e318","tag":"פרטי הנפטר"},"children":[],"parent":"e29"},"e291":{"type":"FormField","props":{"styleRef":"e291","isHavePrefix":false,"valueRule":[{"uid":"0c13cdd8-1c2e-4acf-ab38-d7e68cb275b4","conditions":[{"field":{"value":"p2:e291","label":"מספר נייד לקוח פרטי","uid":"e291","group":"view:p2","type":"FormField","subType":"text"},"operator":"maxlength","valueType":"value","value":"11","bracket":"","post":""},{"field":{"value":"p2:e291","label":"מספר נייד לקוח פרטי","uid":"e291","group":"view:p2","type":"FormField","subType":"text"},"operator":"minlength","valueType":"value","value":"10","bracket":"","post":"and"},{"field":{"value":"p2:e291","label":"מספר נייד לקוח פרטי","uid":"e291","group":"view:p2","type":"FormField","subType":"text"},"operator":"startswith","valueType":"value","value":"05","bracket":"","post":""}],"isAction":false,"message":"מספר לא תקין"}],"tag":"מספר נייד  נפטר","lg":{"variant":"standard","maximumLength":"10","fieldMask":"0000000000","position":{"left":32.99658203125,"top":7.21875,"leftUnit":"px","topUnit":"px","right":"","bottom":"","transform":""},"hideErrorIndicator":false,"value":"","placeholder":"","label":"מספר נייד  ","isHidden":false,"tabOrder":"8","mandatory":true,"isHaveClearIco":false},"control":"text"},"children":[],"parent":"e29"},"e56":{"type":"Button","props":{"styleRef":"e56","target":"self","action":[{"uid":"4e313b67-c35f-45df-b1bc-ec4c8491883d","conditions":[],"isAction":false,"actions":{"actionFlow":{"0":{"enabled":true,"list":[{"id":"2dba5d2f-bee8-4810-b99a-0adf70b1730f","type":"input","data":{"label":"Start"},"position":{"x":-395,"y":31}},{"id":"6f73d6a9-68e1-4f16-9a9c-14342329064c","type":"action","actionType":"docGen","tag":"הפקת מסמך","data":{"docGen":{"0":{"enabled":true,"selected":"560d0346-ee56-4643-9f5b-79026559157e","action":"interactive","method":"web"}}},"position":{"x":46,"y":169}},{"id":"790610e5-73a4-436c-a9df-407fcc92f005","type":"action","actionType":"formInteractivity","tag":"validation","data":{"formInteractivity":{"0":{"enabled":true,"form":"p2:e29","action":"Validate fields"}}},"position":{"x":-306,"y":65}},{"id":"1c6f5273-e767-4de4-92e5-e140f7894a5a","type":"action","actionType":"formInteractivity","tag":"set readonly","data":{"formInteractivity":{"0":{"enabled":true,"action":"Read Only Form","form":"p2:e29"}}},"position":{"x":-192,"y":174}},{"id":"67d31c3f-2c3e-4cf8-a0ef-6568ebc202d4","type":"affectElements","actionType":"affectElements","tag":"","data":{"p2:e56":[{"elemType":"Button","type":"disable"}],"p2:s47":[{"elemType":"Strip","type":"mandatory"}]},"position":{"x":-85,"y":81}},{"id":"f15096bd-2129-400e-8d74-e12684935ead","type":"action","actionType":"msgDlg","tag":"","data":{"msgDlg":{"0":{"enabled":true,"variant":"message","message":"VALIDATION!!!"}}},"position":{"x":-207,"y":297}},{"animated":false,"sourceHandle":"onValid","target":"6f73d6a9-68e1-4f16-9a9c-14342329064c","style":{"strokeDasharray":5},"label":"x","targetHandle":null,"type":"default","source":"e03d89f5-f72d-46a5-92fe-00e9435a65e5","id":"reactflow__edge-e03d89f5-f72d-46a5-92fe-00e9435a65e5onValid-6f73d6a9-68e1-4f16-9a9c-14342329064cnull","labelStyle":{"fontSize":14}},{"sourceHandle":null,"target":"790610e5-73a4-436c-a9df-407fcc92f005","style":{"strokeDasharray":5},"label":"x","targetHandle":"if","type":"default","source":"2dba5d2f-bee8-4810-b99a-0adf70b1730f","id":"ed397fc6-12e0-4b81-b7e1-12c768781c4c","labelStyle":{"fontSize":14}},{"sourceHandle":null,"target":"67d31c3f-2c3e-4cf8-a0ef-6568ebc202d4","style":{"strokeDasharray":5},"label":"x","targetHandle":"if","type":"default","source":"1c6f5273-e767-4de4-92e5-e140f7894a5a","id":"a15b8bbf-e538-4c3b-a969-3a45d05481b7","labelStyle":{"fontSize":14}},{"animated":false,"sourceHandle":null,"target":"6f73d6a9-68e1-4f16-9a9c-14342329064c","style":{"strokeDasharray":5},"label":"x","targetHandle":null,"type":"default","source":"67d31c3f-2c3e-4cf8-a0ef-6568ebc202d4","id":"reactflow__edge-67d31c3f-2c3e-4cf8-a0ef-6568ebc202d4null-6f73d6a9-68e1-4f16-9a9c-14342329064cnull","labelStyle":{"fontSize":14}},{"animated":false,"sourceHandle":"onValid","target":"1c6f5273-e767-4de4-92e5-e140f7894a5a","style":{"strokeDasharray":5},"label":"x","targetHandle":null,"type":"default","source":"790610e5-73a4-436c-a9df-407fcc92f005","id":"reactflow__edge-790610e5-73a4-436c-a9df-407fcc92f005onValid-1c6f5273-e767-4de4-92e5-e140f7894a5anull","labelStyle":{"fontSize":14}},{"sourceHandle":"onInValid","target":"f15096bd-2129-400e-8d74-e12684935ead","style":{"strokeDasharray":5},"label":"x","targetHandle":"if","type":"default","source":"790610e5-73a4-436c-a9df-407fcc92f005","id":"fdb1aeb2-44db-4531-ae41-546173f4e76f","labelStyle":{"fontSize":14}}]}}},"modeType":"flow"}],"type":"redirect","lg":{"text":"הבא","gridArea":"row349","variant":"primary","position":{"left":"unset","top":"0","leftUnit":"px","topUnit":"px","right":"0","bottom":"","transform":"","rightUnit":"px"},"allowProgress":false,"isHidden":false,"tabOrder":"14"},"redirect":{"label":"Other","value":"other"},"customURL":""},"children":[],"parent":"e29"},"e13":{"type":"Typography","props":{"lg":{"text":"העברה על שם מנפטר","variant":"title","gridArea":"row376","position":{"rightUnit":"px","maxWidth":"","width":"auto","left":"0","height":"auto","widthUnit":"px","leftUnit":"px","bottom":"","heightUnit":"px","maxHeight":"","transform":"","bottomUnit":"px","disableInherit":true,"minWidth":"","top":"0","minWidthUnit":"px","topUnit":"px","minHeight":"","right":"","minHeightUnit":"px"},"isHidden":false},"styleRef":"e325"},"children":[],"parent":"e29"},"e57":{"type":"FormField","props":{"styleRef":"e57","valueRule":[{"uid":"f17a387e-54b0-4004-a895-a7b26029a4d9","conditions":[{"field":{"value":"p2:e57","label":"תעודת זהות","uid":"e57","group":"view:p2","type":"FormField","subType":"text"},"operator":"israelID","valueType":"value","value2Type":"value","value":"","value2":"","bracket":"","post":""},{"field":{"value":"p2:e57","label":"תעודת זהות","uid":"e57","group":"view:p2","type":"FormField","subType":"text"},"operator":"minlength","valueType":"value","value":"9","bracket":"","post":""},{"field":{"value":"p2:e57","label":"תעודת זהות","uid":"e57","group":"view:p2","type":"FormField","subType":"text"},"operator":"maxlength","valueType":"value","value":"9","bracket":"","post":""}],"isAction":false,"message":"מספר ת.ז. חייב להכיל 9 ספרות","name":"בדית מספר זהות"}],"tag":"תעודת זהות","lg":{"variant":"standard","position":{"left":0,"top":0},"hideErrorIndicator":false,"value":"","gridArea":"","placeholder":"","label":"תעודת זהות","isHidden":false,"tabOrder":"2","mandatory":true,"isHaveClearIco":false},"control":"text"},"children":[],"parent":"e29"},"e15":{"type":"FormField","props":{"styleRef":"e15","isHavePrefix":false,"isInvisibleByDefault":false,"docGen":{"enable":false},"tag":"שם לקוח מקבל","lg":{"readOnly":false,"variant":"standard","isDisabled":false,"isForceLTR":false,"autoFocus":false,"position":{"rightUnit":"px","left":"0","leftUnit":"px","bottom":"unset","transform":"","bottomUnit":"px","top":"0","zIndex":4,"topUnit":"px","right":"unset"},"hideErrorIndicator":false,"isFixedLabel":false,"disableAutoSuggest":false,"userTip":"","allowCharCount":false,"value":"","gridArea":"row30","placeholder":"","label":"שם מלא ","isHidden":false,"tabOrder":"1","mandatory":true,"isHaveClearIco":false},"control":"text"},"children":[],"parent":"e29"},"e131":{"type":"FormField","props":{"styleRef":"e131","valueRule":[{"uid":"f17a387e-54b0-4004-a895-a7b26029a4d9","conditions":[{"field":{"value":"p2:e131","label":"תעודת זהות","uid":"e131","group":"view:p2","type":"FormField","subType":"text"},"operator":"israelID","valueType":"value","value2Type":"value","value":"","value2":"","bracket":"","post":""},{"field":{"value":"p2:e131","label":"תעודת זהות","uid":"e131","group":"view:p2","type":"FormField","subType":"text"},"operator":"minlength","valueType":"value","value":"9","bracket":"","post":""},{"field":{"value":"p2:e131","label":"תעודת זהות","uid":"e131","group":"view:p2","type":"FormField","subType":"text"},"operator":"maxlength","valueType":"value","value":"9","bracket":"","post":""}],"isAction":false,"message":"מספר ת.ז. חייב להכיל 9 ספרות","name":"בדית מספר זהות"}],"tag":"  תעודת זהות הנפטר","lg":{"variant":"standard","position":{"left":"unset","top":0,"leftUnit":"px","right":"0","rightUnit":"px","transform":""},"hideErrorIndicator":false,"value":"","placeholder":"","label":" תעודת זהות","isHidden":false,"tabOrder":"7","mandatory":true,"isHaveClearIco":false},"control":"text"},"children":[],"parent":"e29"},"e29":{"type":"Form","props":{"styleRef":"e29","showSubmitButton":false,"tag":"פרטי לקוח מקבל","lg":{"position":{"left":0,"top":32,"leftUnit":"px","topUnit":"px","right":"","bottom":"","transform":"","bottomUnit":"px"},"usePageBreak":false,"isHiddencol":{"2":false},"pageBreak":9,"gridArea":"Col1","cols":3,"isHidden":false,"rows":15,"isDisableParentResize":false,"children":{"row319":{"index":6,"children":{"col320":{"index":0,"children":["e43"]},"col321":{"index":1,"children":[]},"col388":{"index":2,"children":[]}},"isMerged":true,"isCustomMerged":false},"row370":{"index":12,"children":{"col371":{"index":0,"children":["e137"]},"col372":{"index":1,"children":["e138"]},"col389":{"index":2,"children":["e139"]}}},"row361":{"index":14,"children":{"col362":{"index":0,"children":[]},"col363":{"index":1,"children":[]},"col390":{"index":2,"children":[]}},"isMerged":true,"isCustomMerged":false},"row175":{"index":7,"children":{"col176":{"index":0,"children":["e41"]},"col177":{"index":1,"children":["e131"]},"col391":{"index":2,"children":[],"isHidden":true}},"isCustomMerged":true,"isMerged":false,"mergeList":{"col176":1,"col177":2,"col391":2}},"row166":{"index":4,"children":{"col167":{"index":0,"children":["e64"]},"col168":{"index":1,"children":[]},"col393":{"index":2,"children":[]}},"isMerged":true,"isCustomMerged":false},"row376":{"index":0,"children":{"col377":{"index":0,"children":["e13"]},"col378":{"index":1,"children":[]},"col394":{"index":2,"children":[]}},"isMerged":true,"isCustomMerged":false},"row322":{"index":5,"children":{"col323":{"index":0,"children":[]},"col324":{"index":1,"children":[]},"col395":{"index":2,"children":[]}},"isMerged":true,"isCustomMerged":false},"row333":{"index":1,"children":{"col334":{"index":0,"children":["e336"]},"col335":{"index":1,"children":[]},"col396":{"index":2,"children":[]}},"isMerged":true,"isCustomMerged":false},"row32":{"index":2,"children":{"col37":{"index":1,"children":["e17","e134","e57"]},"col33":{"index":0,"children":["e15"]},"col397":{"index":2,"children":[],"isHidden":true}},"isCustomMerged":true,"isMerged":false,"mergeList":{"col33":1,"col37":2,"col397":2}},"row355":{"index":9,"children":{"col356":{"index":0,"children":[]},"col357":{"index":1,"children":[]},"col398":{"index":2,"children":[]}},"isMerged":true,"isCustomMerged":false},"row34":{"index":3,"children":{"col38":{"index":1,"children":["e19","e63"]},"col35":{"index":0,"children":["e18","e62"]},"col399":{"index":2,"children":[]}},"isCustomMerged":true,"isMerged":false,"mergeList":{"col35":1,"col38":2,"col399":2}},"row346":{"index":10,"children":{"col347":{"index":0,"children":["e92"]},"col348":{"index":1,"children":[]},"col400":{"index":2,"children":[]}},"isMerged":true,"isCustomMerged":false},"row358":{"index":13,"children":{"col359":{"index":0,"children":["e61"]},"col360":{"index":1,"children":[]},"col401":{"index":2,"children":[]}},"isMerged":true,"isCustomMerged":false},"row326":{"index":8,"children":{"col327":{"index":0,"children":["e291"]},"col328":{"index":1,"children":[]},"col402":{"index":2,"children":[]}},"isMerged":true,"isCustomMerged":false},"row349":{"index":15,"children":{"col350":{"index":0,"children":["e56"]},"col351":{"index":1,"children":[]},"col403":{"index":2,"children":[]}},"isMerged":true,"isCustomMerged":false}}}},"children":["e15","e19","e57","e62","e64","e43","e41","e131","e291","e336","e61","e92","e139","e56","e137","e138","e13"],"parent":"s1"},"e19":{"type":"FormField","props":{"control":"email","lg":{"variant":"standard","position":{"rightUnit":"px","left":"0","leftUnit":"px","bottom":"unset","transform":"","bottomUnit":"px","top":"0","zIndex":1,"topUnit":"px","right":"unset"},"hideErrorIndicator":false,"value":"","gridArea":"row34","placeholder":"","label":"דואר אלקטרוני ","isHidden":false,"tabOrder":"4","mandatory":true},"styleRef":"e19"},"children":[],"parent":"e29"},"e137":{"type":"FormField","props":{"styleRef":"e137","docGen":{"enable":false,"width":"500","height":"100"},"tag":"","lg":{"filesSelectedLabel":"המסמך הועלה בהצלחה","filesLimit":"1","variant":"dropzone","position":{"rightUnit":"px","left":0,"leftUnit":"px","bottom":"unset","transform":"","bottomUnit":"px","top":0,"topUnit":"px","right":"unset"},"hideErrorIndicator":false,"compressionSettings":{"quality":"","maxWidth":"600","maxHeight":"600"},"allowOnAttach":true,"value":"","placeholder":"","label":"ת.ז של קרוב המשפחה אליו עובר המנוי","isHidden":false,"isImageCompression":true,"hideValidIndicator":true,"icon":"CameraAlt","tabOrder":"11","mandatory":true,"noFilesLabel":"נא להעלות מסמך"},"control":"fileupload","captions":{"Max file size":"גודל קובץ מקסימלי להעלאה הוא 4MB"},"valueRule":[]},"children":[],"parent":"e29"},"e336":{"type":"Typography","props":{"lg":{"text":"פרטי קרוב המשפחה שאליו עובר המנוי","variant":"subhead","position":{"rightUnit":"px","maxWidth":"","width":"auto","left":0,"height":"auto","widthUnit":"px","leftUnit":"px","bottom":"","heightUnit":"px","transform":"","disableInherit":true,"minWidth":"","top":0,"zIndex":5,"minWidthUnit":"px","topUnit":"px","right":""},"isHidden":false},"styleRef":"e318","tag":"פרטי קרוב המשפחה אליו עובר המנוי"},"children":[],"parent":"e29"},"e138":{"type":"FormField","props":{"styleRef":"e138","tag":"צירוף תעודת פטירה","lg":{"filesSelectedLabel":"המסמך הועלה בהצלחה","filesLimit":"1","variant":"dropzone","position":{"rightUnit":"px","left":0,"leftUnit":"px","bottom":"0","transform":"","bottomUnit":"px","top":"unset","topUnit":"px","right":"unset"},"hideErrorIndicator":false,"compressionSettings":{"quality":"","maxWidth":"600","maxHeight":"600"},"value":"","gridArea":"row370","placeholder":"","label":"תעודת פטירה","isHidden":false,"isImageCompression":true,"icon":"CameraAlt","tabOrder":"12","mandatory":true,"noFilesLabel":"נא להעלות מסמך"},"control":"fileupload","captions":{"Max file size":"גודל קובץ מקסימלי להעלאה הוא 4MB"},"valueRule":[{"uid":"1da0c58f-a3c1-4a20-b03f-50ed0f0f5bbc","conditions":[{"field":{"value":"p2:e138","label":"צירוף תעודת פטירה / File","uid":"e138","group":"view:p2","type":"FormField","subType":"fileupload"},"operator":"maxFileSizeInMB","valueType":"value","value2Type":"value","value":"9","value2":"","bracket":"","post":""}],"isAction":false,"message":"גודל קובץ מקסימלי להעלאה הוא 4MB"}]},"children":[],"parent":"e29"},"e139":{"type":"FormField","props":{"control":"fileupload","lg":{"filesSelectedLabel":"המסמך הועלה בהצלחה","filesLimit":"1","variant":"dropzone","position":{"rightUnit":"px","left":0,"leftUnit":"px","bottom":"","transform":"","bottomUnit":"px","top":-84.24652099609375,"topUnit":"px","right":"unset"},"hideErrorIndicator":false,"compressionSettings":{"quality":"","maxWidth":"600","maxHeight":"600"},"allowOnAttach":false,"value":"","placeholder":"","hideAsterisk":true,"label":"צו ירושה","isHidden":false,"isImageCompression":true,"hideValidIndicator":true,"icon":"CameraAlt","tabOrder":"13","mandatory":false,"noFilesLabel":"נא להעלות מסמך"},"styleRef":"e139","valueRule":[{"uid":"3e8dbb87-6cad-452b-9c06-f3df9fbfd6a8","conditions":[{"field":{"value":"p2:e139","label":"צו ירושה / File","uid":"e139","group":"view:p2","type":"FormField","subType":"fileupload"},"operator":"maxFileSizeInMB","valueType":"value","value2Type":"value","value":"9","value2":"","bracket":"","post":""}],"isAction":false,"message":"קובץ מקסימלי להעלאה עד 4 מגה"}]},"children":[],"parent":"e29"},"s47":{"type":"Strip","props":{"styleRef":"s47","tag":"חתימה"},"children":["fit_s47_Col1"],"parent":null},"s1":{"type":"Strip","props":{"styleRef":"s1","tag":"מקטע ראשי","lg":{"isHidden":false,"isHiddenCol1":false},"comment":""},"children":["e29","fit_s1_Col1"],"parent":null},"e92":{"type":"Typography","props":{"lg":{"text":"העלאת מסמכים","variant":"subhead","position":{"left":0,"top":0,"disableInherit":true,"leftUnit":"px","topUnit":"px","right":"","bottom":"","transform":""},"isHidden":false},"styleRef":"e318"},"children":[],"parent":"e29"}},"TabOrder":"custom","isHideHeader":{"xs":false,"ss":false,"md":false,"sml":false,"sm":false},"isConfiguredAutoFit":{"xs":false,"ss":false,"md":false,"sml":false,"sm":false},"IsConfiguredDevice":{"xs":false,"ss":false,"md":false,"lg":true,"sml":false,"sm":false}}}