{"_id":"63b573baff620014ae04e9e8","UserID":857834,"IsDeleted":false,"Props":{"styles":{"e61":{"ss":{"root":{"width":270.3298645019531,"height":"120"},"text":"#011743ff","line":"#0072b6ff","labelColor":"#011743ff","borderWidth":"1","borderRadius":"6"},"sml":{"root":{"width":270.3298645019531,"height":"120"},"text":"#011743ff","line":"#0072b6ff","labelColor":"#011743ff","borderWidth":"1","borderRadius":"6"},"md":{"root":{"width":270.3298645019531,"height":"120"},"text":"#011743ff","line":"#0072b6ff","labelColor":"#011743ff","borderWidth":"1","borderRadius":"6"},"sm":{"root":{"width":270.3298645019531,"height":"120"},"text":"#011743ff","line":"#0072b6ff","labelColor":"#011743ff","borderWidth":"1","borderRadius":"6"},"type":"FormField","lg":{"root":{"width":270.3298645019531,"height":"120"},"text":"#011743ff","line":"#0072b6ff","labelColor":"#011743ff","borderWidth":"1","borderRadius":"6"},"xs":{"root":{"width":270.3298645019531,"height":"120"},"text":"#011743ff","line":"#0072b6ff","labelColor":"#011743ff","borderWidth":"1","borderRadius":"6"},"additionalControls":["signature"],"IsConfiguredDevice":{"md":true,"sml":true,"sm":true,"xs":true,"ss":true}},"e62":{"ss":{"root":{"width":"270"}},"sml":{"root":{"width":"270"}},"md":{"root":{"width":"270"}},"sm":{"root":{"width":"270"}},"type":"FormField","lg":{"root":{"width":"270"}},"xs":{"root":{"width":"270"}},"additionalControls":["text"],"IsConfiguredDevice":{"md":true,"sml":true,"sm":true,"xs":true,"ss":true}},"e41":{"ss":{"root":{"width":"270"}},"sml":{"root":{"width":"270"}},"md":{"root":{"width":"270"}},"sm":{"root":{"width":"270"}},"type":"FormField","lg":{"root":{"width":"270"}},"xs":{"root":{"width":"270"}},"additionalControls":["text"],"IsConfiguredDevice":{"md":true,"sml":true,"sm":true,"xs":true,"ss":true}},"e291":{"ss":{"root":{"width":260}},"sml":{"root":{"width":"270"}},"md":{"root":{"width":"270"}},"sm":{"root":{"width":"270"}},"type":"FormField","lg":{"root":{"width":"270"}},"xs":{"root":{"width":"270"}},"additionalControls":["text"],"IsConfiguredDevice":{"md":true,"sml":true,"sm":true,"xs":true,"ss":true}},"e56":{"ss":{"root":{"width":"180","height":"40","backgroundColor":"#0473b8","fontSize":"20px","alignSelf":"center"},"rootHover":{"color":"rgba(255, 255, 255, 1)","paddingTop":"0","borderStyle":"solid","width":"180","height":"40","fontWeight":"normal","paddingRight":"0","fontSize":"20px","fontFamily":"Arial, 'Helvetica Neue', Helvetica, sans-serif;","backgroundColor":"#0473b8","borderColor":"#0091ff","paddingLeft":"0","borderWidth":"1","lineHeight":"30","paddingBottom":"0","letterSpacing":0,"borderRadius":"26"},"rootActive":{"color":"rgba(255, 255, 255, 1)","paddingTop":"0","borderStyle":"solid","width":"180","height":"40","fontWeight":"normal","paddingRight":"0","fontSize":"20px","fontFamily":"Arial, 'Helvetica Neue', Helvetica, sans-serif;","backgroundColor":"#0473b8","borderColor":"#0091ff","paddingLeft":"0","borderWidth":"1","lineHeight":"30","paddingBottom":"0","letterSpacing":0,"borderRadius":"26"}},"sml":{"root":{"width":"180","height":"40","backgroundColor":"#0473b8","fontSize":"20px","alignSelf":"center"},"rootHover":{"color":"rgba(255, 255, 255, 1)","paddingTop":"0","borderStyle":"solid","width":"180","height":"40","fontWeight":"normal","paddingRight":"0","fontSize":"20px","fontFamily":"Arial, 'Helvetica Neue', Helvetica, sans-serif;","backgroundColor":"#0473b8","borderColor":"#0091ff","paddingLeft":"0","borderWidth":"1","lineHeight":"30","paddingBottom":"0","letterSpacing":0,"borderRadius":"26"},"rootActive":{"color":"rgba(255, 255, 255, 1)","paddingTop":"0","borderStyle":"solid","width":"180","height":"40","fontWeight":"normal","paddingRight":"0","fontSize":"20px","fontFamily":"Arial, 'Helvetica Neue', Helvetica, sans-serif;","backgroundColor":"#0473b8","borderColor":"#0091ff","paddingLeft":"0","borderWidth":"1","lineHeight":"30","paddingBottom":"0","letterSpacing":0,"borderRadius":"26"}},"md":{"root":{"width":"180","height":"40","backgroundColor":"#0473b8","fontSize":"20px","alignSelf":"center"},"rootHover":{"color":"rgba(255, 255, 255, 1)","paddingTop":"0","borderStyle":"solid","width":"180","height":"40","fontWeight":"normal","paddingRight":"0","fontSize":"20px","fontFamily":"Arial, 'Helvetica Neue', Helvetica, sans-serif;","backgroundColor":"#0473b8","borderColor":"#0091ff","paddingLeft":"0","borderWidth":"1","lineHeight":"30","paddingBottom":"0","letterSpacing":0,"borderRadius":"26"},"rootActive":{"color":"rgba(255, 255, 255, 1)","paddingTop":"0","borderStyle":"solid","width":"180","height":"40","fontWeight":"normal","paddingRight":"0","fontSize":"20px","fontFamily":"Arial, 'Helvetica Neue', Helvetica, sans-serif;","backgroundColor":"#0473b8","borderColor":"#0091ff","paddingLeft":"0","borderWidth":"1","lineHeight":"30","paddingBottom":"0","letterSpacing":0,"borderRadius":"26"}},"sm":{"root":{"width":"180","height":"40","backgroundColor":"#0473b8","fontSize":"20px","alignSelf":"center"},"rootHover":{"color":"rgba(255, 255, 255, 1)","paddingTop":"0","borderStyle":"solid","width":"180","height":"40","fontWeight":"normal","paddingRight":"0","fontSize":"20px","fontFamily":"Arial, 'Helvetica Neue', Helvetica, sans-serif;","backgroundColor":"#0473b8","borderColor":"#0091ff","paddingLeft":"0","borderWidth":"1","lineHeight":"30","paddingBottom":"0","letterSpacing":0,"borderRadius":"26"},"rootActive":{"color":"rgba(255, 255, 255, 1)","paddingTop":"0","borderStyle":"solid","width":"180","height":"40","fontWeight":"normal","paddingRight":"0","fontSize":"20px","fontFamily":"Arial, 'Helvetica Neue', Helvetica, sans-serif;","backgroundColor":"#0473b8","borderColor":"#0091ff","paddingLeft":"0","borderWidth":"1","lineHeight":"30","paddingBottom":"0","letterSpacing":0,"borderRadius":"26"}},"type":"Button","lg":{"root":{"width":"180","height":"40","backgroundColor":"#0473b8","fontSize":"20px","alignSelf":"center"},"rootHover":{"color":"rgba(255, 255, 255, 1)","paddingTop":"0","borderStyle":"solid","width":"180","height":"40","fontWeight":"normal","paddingRight":"0","fontSize":"20px","fontFamily":"Arial, 'Helvetica Neue', Helvetica, sans-serif;","backgroundColor":"#0473b8","borderColor":"#0091ff","paddingLeft":"0","borderWidth":"1","lineHeight":"30","paddingBottom":"0","letterSpacing":0,"borderRadius":"26"},"rootActive":{"color":"rgba(255, 255, 255, 1)","paddingTop":"0","borderStyle":"solid","width":"180","height":"40","fontWeight":"normal","paddingRight":"0","fontSize":"20px","fontFamily":"Arial, 'Helvetica Neue', Helvetica, sans-serif;","backgroundColor":"#0473b8","borderColor":"#0091ff","paddingLeft":"0","borderWidth":"1","lineHeight":"30","paddingBottom":"0","letterSpacing":0,"borderRadius":"26"}},"xs":{"root":{"width":"180","height":"40","backgroundColor":"#0473b8","fontSize":"20px","alignSelf":"center"},"rootHover":{"color":"rgba(255, 255, 255, 1)","paddingTop":"0","borderStyle":"solid","width":"180","height":"40","fontWeight":"normal","paddingRight":"0","fontSize":"20px","fontFamily":"Arial, 'Helvetica Neue', Helvetica, sans-serif;","backgroundColor":"#0473b8","borderColor":"#0091ff","paddingLeft":"0","borderWidth":"1","lineHeight":"30","paddingBottom":"0","letterSpacing":0,"borderRadius":"26"},"rootActive":{"color":"rgba(255, 255, 255, 1)","paddingTop":"0","borderStyle":"solid","width":"180","height":"40","fontWeight":"normal","paddingRight":"0","fontSize":"20px","fontFamily":"Arial, 'Helvetica Neue', Helvetica, sans-serif;","backgroundColor":"#0473b8","borderColor":"#0091ff","paddingLeft":"0","borderWidth":"1","lineHeight":"30","paddingBottom":"0","letterSpacing":0,"borderRadius":"26"}},"IsConfiguredDevice":{"md":true,"sml":true,"sm":true,"xs":true,"ss":true}},"e57":{"ss":{"root":{"width":"270"}},"sml":{"root":{"width":"270"}},"md":{"root":{"width":"270"}},"sm":{"root":{"width":"270"}},"type":"FormField","lg":{"root":{"width":"270"}},"xs":{"root":{"width":"270"}},"additionalControls":["text"],"IsConfiguredDevice":{"md":true,"sml":true,"sm":true,"xs":true,"ss":true}},"e15":{"ss":{"root":{"width":"270","maxWidthUnit":"%"}},"sml":{"root":{"width":"270","maxWidthUnit":"%"}},"md":{"root":{"width":"270","maxWidthUnit":"%"}},"sm":{"root":{"width":"270","maxWidthUnit":"%"}},"type":"FormField","lg":{"root":{"width":"270","maxWidthUnit":"%"}},"xs":{"root":{"width":"270","maxWidthUnit":"%"}},"additionalControls":["text"],"IsConfiguredDevice":{"md":true,"sml":true,"sm":true,"xs":true,"ss":true}},"e131":{"ss":{"root":{"width":"270","alignSelf":"flex-start"}},"sml":{"root":{"width":"270","alignSelf":"flex-start"}},"md":{"root":{"width":"270","alignSelf":"flex-start"}},"sm":{"root":{"width":"270","alignSelf":"flex-start"}},"type":"FormField","lg":{"root":{"width":"270","alignSelf":"flex-start"}},"xs":{"root":{"width":"270","alignSelf":"flex-start"}},"additionalControls":["text"],"IsConfiguredDevice":{"md":true,"sml":true,"sm":true,"xs":true,"ss":true}},"e441":{"ss":{"root":{"width":"270"}},"sml":{"root":{"width":"270"}},"md":{"root":{"width":"270"}},"sm":{"root":{"width":"270"}},"type":"FormField","lg":{"root":{"width":"270"}},"xs":{"root":{"width":"270"}},"additionalControls":["email"],"IsConfiguredDevice":{"md":true,"sml":true,"sm":true,"xs":true,"ss":true}},"e19":{"ss":{"root":{"width":"270"}},"sml":{"root":{"width":"270"}},"md":{"root":{"width":"270"}},"sm":{"root":{"width":"270"}},"type":"FormField","lg":{"root":{"width":"270"}},"xs":{"root":{"width":"270"}},"additionalControls":["email"],"IsConfiguredDevice":{"md":true,"sml":true,"sm":true,"xs":true,"ss":true}},"e458":{"ss":{"root":{"width":260,"height":"auto"},"radiotickMarkColor":"#0078bdff"},"sml":{"root":{"width":874.5,"height":"auto"},"radiotickMarkColor":"#0078bdff"},"md":{"root":{"width":874.5,"height":"auto"},"radiotickMarkColor":"#0078bdff"},"sm":{"root":{"width":874.5,"height":"auto"},"radiotickMarkColor":"#0078bdff"},"type":"FormField","lg":{"root":{"width":874.5,"height":"auto"},"radiotickMarkColor":"#0078bdff"},"xs":{"root":{"width":300,"height":"auto"},"radiotickMarkColor":"#0078bdff"},"additionalControls":["radio"],"IsConfiguredDevice":{"md":true,"sml":true,"sm":true,"xs":true,"ss":true}},"e417":{"ss":{"root":{"width":260,"height":"auto"},"radiotickMarkColor":"#0078bdff"},"sml":{"root":{"width":874.5,"height":"auto"},"radiotickMarkColor":"#0078bdff"},"md":{"root":{"width":874.5,"height":"auto"},"radiotickMarkColor":"#0078bdff"},"sm":{"root":{"width":874.5,"height":"auto"},"radiotickMarkColor":"#0078bdff"},"type":"FormField","lg":{"root":{"width":874.5,"height":"auto"},"radiotickMarkColor":"#0078bdff"},"xs":{"root":{"width":300,"height":"auto"},"radiotickMarkColor":"#0078bdff"},"additionalControls":["radio"],"IsConfiguredDevice":{"md":true,"sml":true,"sm":true,"xs":true,"ss":true}},"s47":{"ss":{"rows":1,"areas":[["Col1"]],"root":{"minHeight":"unset !important","height":"auto"},"row0":250,"row0Unit":"px","ft__Col1":{"lineHeight":14},"columns":"1"},"sml":{"columns":1,"rows":1,"areas":[["Col1"]],"root":{"minHeight":250,"height":"auto"},"row0":57,"row0Unit":"px","ft__Col1":{"lineHeight":14}},"md":{"columns":1,"rows":1,"areas":[["Col1"]],"root":{"minHeight":250,"height":"auto"},"row0":57,"row0Unit":"px","ft__Col1":{"lineHeight":14}},"sm":{"rows":1,"areas":[["Col1"]],"root":{"minHeight":"unset !important","height":"auto"},"row0":250,"row0Unit":"px","ft__Col1":{"lineHeight":14},"columns":"1"},"type":"Strip","lg":{"columns":1,"rows":1,"areas":[["Col1"]],"root":{"minHeight":57,"height":"auto"},"row0":57,"row0Unit":"px","ft__Col1":{"lineHeight":14}},"xs":{"rows":1,"areas":[["Col1"]],"root":{"minHeight":"unset !important","height":"auto"},"row0":250,"row0Unit":"px","ft__Col1":{"lineHeight":14},"columns":"1"},"IsConfiguredDevice":{"md":true,"sml":true,"sm":true,"xs":true,"ss":true}},"s1":{"ss":{"rows":1,"areas":[["Col1"]],"root":{"minHeight":"unset !important","height":"auto"},"row0":1194,"row0Unit":"px","columns":"1"},"sml":{"columns":1,"rows":1,"areas":[["Col1"]],"root":{"minHeight":902,"height":"auto"},"row0":1165,"row0Unit":"px"},"md":{"columns":1,"rows":1,"areas":[["Col1"]],"root":{"minHeight":902,"height":"auto"},"row0":1165,"row0Unit":"px"},"sm":{"rows":1,"areas":[["Col1"]],"root":{"minHeight":"unset !important","height":"auto"},"row0":1194,"row0Unit":"px","columns":"1"},"type":"Strip","lg":{"columns":1,"rows":1,"areas":[["Col1"]],"root":{"minHeight":1001.9930572509766,"height":"auto"},"row0":1001.9930572509766,"row0Unit":"px"},"xs":{"rows":1,"areas":[["Col1"]],"root":{"minHeight":"unset !important","height":"auto"},"row0":1194,"row0Unit":"px","columns":"1"},"IsConfiguredDevice":{"md":true,"sml":true,"sm":true,"xs":true,"ss":true}}},"Grid":["s1","s47"],"isSurveyForm":false,"ui":{"Drawer":[],"Modal":[]},"elements":{"e61":{"type":"FormField","props":{"ss":{"variant":"standard","maximumLength":"","isDisabled":"","position":{"left":46.8359375,"top":75,"leftUnit":"px","topUnit":"px","right":"","bottom":"","transform":""},"hideErrorIndicator":false,"visibleRows":"","isShowLabel":true,"value":"","placeholder":"[נא לחתום כאן]","hideAsterisk":"","label":"חתימה","isHidden":true,"hideValidIndicator":true,"drawLine":true,"tabOrder":"","mandatory":false},"styleRef":"e61","isInvisibleByDefault":false,"sml":{"variant":"standard","maximumLength":"","isDisabled":"","position":{"left":"250.0000915527344","top":-24.888885498046875,"leftUnit":"px","topUnit":"px","right":"","bottom":"","transform":""},"hideErrorIndicator":false,"visibleRows":"","isShowLabel":true,"value":"","placeholder":"[נא לחתום כאן]","hideAsterisk":"","label":"חתימה","isHidden":true,"hideValidIndicator":true,"drawLine":true,"tabOrder":"","mandatory":false},"md":{"variant":"standard","maximumLength":"","isDisabled":"","position":{"left":"250.0000915527344","top":-24.888885498046875,"leftUnit":"px","topUnit":"px","right":"","bottom":"","transform":""},"hideErrorIndicator":false,"visibleRows":"","isShowLabel":true,"value":"","placeholder":"[נא לחתום כאן]","hideAsterisk":"","label":"חתימה","isHidden":true,"hideValidIndicator":true,"drawLine":true,"tabOrder":"","mandatory":false},"docGen":{"enable":true,"marginLeft":"100","marginBottom":"","marginTop":"50"},"sm":{"variant":"standard","maximumLength":"","isDisabled":"","position":{"left":"250.0000915527344","top":-24.888885498046875,"leftUnit":"px","topUnit":"px","right":"","bottom":"","transform":""},"hideErrorIndicator":false,"visibleRows":"","isShowLabel":true,"value":"","placeholder":"[נא לחתום כאן]","hideAsterisk":"","label":"חתימה","isHidden":true,"hideValidIndicator":true,"drawLine":true,"tabOrder":"","mandatory":false},"tag":"חתימה","lg":{"variant":"standard","position":{"left":"250.0000915527344","top":"","leftUnit":"px","topUnit":"px","right":"","bottom":"","transform":""},"hideErrorIndicator":false,"value":"","placeholder":"[נא לחתום כאן]","label":"חתימה","isHidden":true,"drawLine":true,"tabOrder":"","mandatory":false},"xs":{"variant":"standard","maximumLength":"","isDisabled":"","position":{"left":44.8359375,"top":75,"leftUnit":"px","topUnit":"px","right":"","bottom":"","transform":""},"hideErrorIndicator":false,"visibleRows":"","isShowLabel":true,"value":"","placeholder":"[נא לחתום כאן]","hideAsterisk":"","label":"חתימה","isHidden":true,"hideValidIndicator":true,"drawLine":true,"tabOrder":"","mandatory":false},"control":"signature"},"children":[],"parent":"e29"},"e62":{"type":"FormField","props":{"ss":{"readOnly":"","variant":"standard","maximumLength":"","isDisabled":"","fieldMask":"","autoFocus":"","position":{"left":30,"top":0,"topUnit":"px","leftUnit":"px","transform":""},"hideErrorIndicator":false,"visibleRows":"","disableAutoSuggest":"","isShowLabel":true,"value":"0505555555","placeholder":"","hideAsterisk":"","label":"מספר נייד לחזרה","isHidden":false,"hideValidIndicator":true,"disallowPaste":"","tabOrder":"3","mandatory":true,"isHaveClearIco":false,"passwordMode":""},"styleRef":"e62","isHavePrefix":false,"valueRule":[{"uid":"0c13cdd8-1c2e-4acf-ab38-d7e68cb275b4","conditions":[{"field":{"value":"p2:e62","label":"מספר נייד לקוח פרטי","uid":"e62","group":"view:p2","type":"FormField","subType":"text"},"operator":"maxlength","valueType":"value","value":"11","bracket":"","post":""},{"field":{"value":"p2:e62","label":"מספר נייד לקוח פרטי","uid":"e62","group":"view:p2","type":"FormField","subType":"text"},"operator":"minlength","valueType":"value","value":"10","bracket":"","post":"and"},{"field":{"value":"p2:e62","label":"מספר נייד לקוח פרטי","uid":"e62","group":"view:p2","type":"FormField","subType":"text"},"operator":"startswith","valueType":"value","value":"05","bracket":"","post":""}],"isAction":false,"message":"מספר לא תקין"}],"sml":{"readOnly":"","variant":"standard","maximumLength":"","isDisabled":"","fieldMask":"","autoFocus":"","position":{"left":0,"top":0},"hideErrorIndicator":false,"visibleRows":"","disableAutoSuggest":"","isShowLabel":true,"value":"0505555555","placeholder":"","hideAsterisk":"","label":"מספר נייד לחזרה","isHidden":false,"hideValidIndicator":true,"disallowPaste":"","tabOrder":"3","mandatory":true,"isHaveClearIco":false,"passwordMode":""},"md":{"readOnly":"","variant":"standard","maximumLength":"","isDisabled":"","fieldMask":"","autoFocus":"","position":{"left":0,"top":0},"hideErrorIndicator":false,"visibleRows":"","disableAutoSuggest":"","isShowLabel":true,"value":"0505555555","placeholder":"","hideAsterisk":"","label":"מספר נייד לחזרה","isHidden":false,"hideValidIndicator":true,"disallowPaste":"","tabOrder":"3","mandatory":true,"isHaveClearIco":false,"passwordMode":""},"sm":{"readOnly":"","variant":"standard","maximumLength":"","isDisabled":"","fieldMask":"","autoFocus":"","position":{"left":0,"top":0},"hideErrorIndicator":false,"visibleRows":"","disableAutoSuggest":"","isShowLabel":true,"value":"0505555555","placeholder":"","hideAsterisk":"","label":"מספר נייד לחזרה","isHidden":false,"hideValidIndicator":true,"disallowPaste":"","tabOrder":"3","mandatory":true,"isHaveClearIco":false,"passwordMode":""},"tag":"מספר המנוי שרוצים להעביר","lg":{"variant":"standard","maximumLength":"","fieldMask":"","position":{"left":0,"top":0},"hideErrorIndicator":false,"value":"0505555555","placeholder":"","label":"מספר המנוי שרוצים להעביר","isHidden":false,"tabOrder":"3","mandatory":true,"isHaveClearIco":false},"xs":{"readOnly":"","variant":"standard","maximumLength":"","isDisabled":"","fieldMask":"","autoFocus":"","position":{"left":28,"top":0,"topUnit":"px","leftUnit":"px","transform":""},"hideErrorIndicator":false,"visibleRows":"","disableAutoSuggest":"","isShowLabel":true,"value":"0505555555","placeholder":"","hideAsterisk":"","label":"מספר נייד לחזרה","isHidden":false,"hideValidIndicator":true,"disallowPaste":"","tabOrder":"3","mandatory":true,"isHaveClearIco":false,"passwordMode":""},"control":"text"},"children":[],"parent":"e29"},"e41":{"type":"FormField","props":{"ss":{"readOnly":"","variant":"standard","maximumLength":"","isDisabled":"","autoFocus":"","position":{"rightUnit":"px","left":30,"leftUnit":"px","bottom":"unset","transform":"","bottomUnit":"px","top":"0","zIndex":4,"topUnit":"px","right":"unset"},"hideErrorIndicator":false,"visibleRows":"","disableAutoSuggest":"","isShowLabel":true,"value":"שם חברה","gridArea":"row30","placeholder":"","hideAsterisk":"","label":"חברה/תאגיד","isHidden":false,"hideValidIndicator":true,"disallowPaste":"","tabOrder":"6","mandatory":true,"isHaveClearIco":false,"passwordMode":""},"styleRef":"e41","sml":{"readOnly":"","variant":"standard","maximumLength":"","isDisabled":"","autoFocus":"","position":{"rightUnit":"px","left":"0","leftUnit":"px","bottom":"unset","transform":"","bottomUnit":"px","top":"0","zIndex":4,"topUnit":"px","right":"unset"},"hideErrorIndicator":false,"visibleRows":"","disableAutoSuggest":"","isShowLabel":true,"value":"שם חברה","gridArea":"row30","placeholder":"","hideAsterisk":"","label":"חברה/תאגיד","isHidden":false,"hideValidIndicator":true,"disallowPaste":"","tabOrder":"6","mandatory":true,"isHaveClearIco":false,"passwordMode":""},"md":{"readOnly":"","variant":"standard","maximumLength":"","isDisabled":"","autoFocus":"","position":{"rightUnit":"px","left":"0","leftUnit":"px","bottom":"unset","transform":"","bottomUnit":"px","top":"0","zIndex":4,"topUnit":"px","right":"unset"},"hideErrorIndicator":false,"visibleRows":"","disableAutoSuggest":"","isShowLabel":true,"value":"שם חברה","gridArea":"row30","placeholder":"","hideAsterisk":"","label":"חברה/תאגיד","isHidden":false,"hideValidIndicator":true,"disallowPaste":"","tabOrder":"6","mandatory":true,"isHaveClearIco":false,"passwordMode":""},"sm":{"readOnly":"","variant":"standard","maximumLength":"","isDisabled":"","autoFocus":"","position":{"rightUnit":"px","left":"0","leftUnit":"px","bottom":"unset","transform":"","bottomUnit":"px","top":"0","zIndex":4,"topUnit":"px","right":"unset"},"hideErrorIndicator":false,"visibleRows":"","disableAutoSuggest":"","isShowLabel":true,"value":"שם חברה","gridArea":"row30","placeholder":"","hideAsterisk":"","label":"חברה/תאגיד","isHidden":false,"hideValidIndicator":true,"disallowPaste":"","tabOrder":"6","mandatory":true,"isHaveClearIco":false,"passwordMode":""},"tag":"שם חברה","lg":{"variant":"standard","position":{"rightUnit":"px","left":"0","leftUnit":"px","bottom":"unset","transform":"","bottomUnit":"px","top":"0","zIndex":4,"topUnit":"px","right":"unset"},"hideErrorIndicator":false,"value":"שם חברה","gridArea":"row30","placeholder":"","label":"חברה/תאגיד","isHidden":false,"tabOrder":"6","mandatory":true,"isHaveClearIco":false},"xs":{"readOnly":"","variant":"standard","maximumLength":"","isDisabled":"","autoFocus":"","position":{"rightUnit":"px","left":28,"leftUnit":"px","bottom":"unset","transform":"","bottomUnit":"px","top":"0","zIndex":4,"topUnit":"px","right":"unset"},"hideErrorIndicator":false,"visibleRows":"","disableAutoSuggest":"","isShowLabel":true,"value":"שם חברה","gridArea":"row30","placeholder":"","hideAsterisk":"","label":"חברה/תאגיד","isHidden":false,"hideValidIndicator":true,"disallowPaste":"","tabOrder":"6","mandatory":true,"isHaveClearIco":false,"passwordMode":""},"control":"text"},"children":[],"parent":"e29"},"e291":{"type":"FormField","props":{"ss":{"readOnly":"","variant":"standard","maximumLength":"10","isDisabled":"","fieldMask":"0000000000","autoFocus":"","position":{"left":30,"top":490,"leftUnit":"px","topUnit":"px","right":"","bottom":"","transform":""},"hideErrorIndicator":false,"visibleRows":"","disableAutoSuggest":"","isShowLabel":true,"value":"0505626220","placeholder":"","hideAsterisk":"","label":"מספר נייד לחזרה","isHidden":false,"hideValidIndicator":true,"disallowPaste":"","tabOrder":"8","mandatory":true,"isHaveClearIco":false,"passwordMode":""},"styleRef":"e291","isHavePrefix":false,"valueRule":[{"uid":"0c13cdd8-1c2e-4acf-ab38-d7e68cb275b4","conditions":[{"field":{"value":"p2:e291","label":"מספר נייד לקוח פרטי","uid":"e291","group":"view:p2","type":"FormField","subType":"text"},"operator":"maxlength","valueType":"value","value":"11","bracket":"","post":""},{"field":{"value":"p2:e291","label":"מספר נייד לקוח פרטי","uid":"e291","group":"view:p2","type":"FormField","subType":"text"},"operator":"minlength","valueType":"value","value":"10","bracket":"","post":"and"},{"field":{"value":"p2:e291","label":"מספר נייד לקוח פרטי","uid":"e291","group":"view:p2","type":"FormField","subType":"text"},"operator":"startswith","valueType":"value","value":"05","bracket":"","post":""}],"isAction":false,"message":"מספר לא תקין"}],"sml":{"readOnly":"","variant":"standard","maximumLength":"10","isDisabled":"","fieldMask":"0000000000","autoFocus":"","position":{"left":32.99658203125,"top":7.21875,"leftUnit":"px","topUnit":"px","right":"","bottom":"","transform":""},"hideErrorIndicator":false,"visibleRows":"","disableAutoSuggest":"","isShowLabel":true,"value":"0505626220","placeholder":"","hideAsterisk":"","label":"מספר נייד לחזרה","isHidden":false,"hideValidIndicator":true,"disallowPaste":"","tabOrder":"8","mandatory":true,"isHaveClearIco":false,"passwordMode":""},"md":{"readOnly":"","variant":"standard","maximumLength":"10","isDisabled":"","fieldMask":"0000000000","autoFocus":"","position":{"left":32.99658203125,"top":7.21875,"leftUnit":"px","topUnit":"px","right":"","bottom":"","transform":""},"hideErrorIndicator":false,"visibleRows":"","disableAutoSuggest":"","isShowLabel":true,"value":"0505626220","placeholder":"","hideAsterisk":"","label":"מספר נייד לחזרה","isHidden":false,"hideValidIndicator":true,"disallowPaste":"","tabOrder":"8","mandatory":true,"isHaveClearIco":false,"passwordMode":""},"sm":{"readOnly":"","variant":"standard","maximumLength":"10","isDisabled":"","fieldMask":"0000000000","autoFocus":"","position":{"left":32.99658203125,"top":7.21875,"leftUnit":"px","topUnit":"px","right":"","bottom":"","transform":""},"hideErrorIndicator":false,"visibleRows":"","disableAutoSuggest":"","isShowLabel":true,"value":"0505626220","placeholder":"","hideAsterisk":"","label":"מספר נייד לחזרה","isHidden":false,"hideValidIndicator":true,"disallowPaste":"","tabOrder":"8","mandatory":true,"isHaveClearIco":false,"passwordMode":""},"tag":"מספר נייד לקוח עסקי","lg":{"variant":"standard","maximumLength":"10","fieldMask":"0000000000","position":{"left":32.99658203125,"top":7.21875,"leftUnit":"px","topUnit":"px","right":"","bottom":"","transform":""},"hideErrorIndicator":false,"value":"0505626220","placeholder":"","label":"מספר נייד לחזרה","isHidden":false,"tabOrder":"8","mandatory":true,"isHaveClearIco":false},"xs":{"readOnly":"","variant":"standard","maximumLength":"10","isDisabled":"","fieldMask":"0000000000","autoFocus":"","position":{"left":60.99658203125,"top":7.21875,"leftUnit":"px","topUnit":"px","right":"","bottom":"","transform":""},"hideErrorIndicator":false,"visibleRows":"","disableAutoSuggest":"","isShowLabel":true,"value":"0505626220","placeholder":"","hideAsterisk":"","label":"מספר נייד לחזרה","isHidden":false,"hideValidIndicator":true,"disallowPaste":"","tabOrder":"8","mandatory":true,"isHaveClearIco":false,"passwordMode":""},"control":"text"},"children":[],"parent":"e29"},"e56":{"type":"Button","props":{"ss":{"text":"הבא","gridArea":"row349","variant":"primary","position":{"left":2,"top":"0","leftUnit":"px","topUnit":"px","right":"0","bottom":"","transform":"","rightUnit":"px"},"allowProgress":false,"isHidden":false,"tabOrder":"14"},"styleRef":"e56","target":"self","sml":{"text":"הבא","gridArea":"row349","variant":"primary","position":{"left":"unset","top":"0","leftUnit":"px","topUnit":"px","right":"0","bottom":"","transform":"","rightUnit":"px"},"allowProgress":false,"isHidden":false,"tabOrder":"14"},"action":[{"uid":"4e313b67-c35f-45df-b1bc-ec4c8491883d","conditions":[],"isAction":false,"actions":{"actionFlow":{"0":{"enabled":true,"list":[{"id":"2dba5d2f-bee8-4810-b99a-0adf70b1730f","type":"input","data":{"label":"Start"},"position":{"x":-395,"y":31}},{"id":"6f73d6a9-68e1-4f16-9a9c-14342329064c","type":"action","actionType":"docGen","tag":"הפקת מסמך","data":{"docGen":{"0":{"enabled":true,"selected":"560d0346-ee56-4643-9f5b-79026559157e","action":"interactive","method":"web"}}},"position":{"x":47,"y":169}},{"id":"790610e5-73a4-436c-a9df-407fcc92f005","type":"action","actionType":"formInteractivity","tag":"validation","data":{"formInteractivity":{"0":{"enabled":true,"form":"p2:e29","action":"Validate fields"}}},"position":{"x":-306,"y":65}},{"id":"1c6f5273-e767-4de4-92e5-e140f7894a5a","type":"action","actionType":"formInteractivity","tag":"set readonly","data":{"formInteractivity":{"0":{"enabled":true,"action":"Read Only Form","form":"p2:e29"}}},"position":{"x":-192,"y":174}},{"id":"67d31c3f-2c3e-4cf8-a0ef-6568ebc202d4","type":"affectElements","actionType":"affectElements","tag":"","data":{"p2:e56":[{"elemType":"Button","type":"disable"}],"p2:s47":[{"elemType":"Strip","type":"mandatory"}]},"position":{"x":-85,"y":81}},{"animated":false,"sourceHandle":"onValid","target":"6f73d6a9-68e1-4f16-9a9c-14342329064c","style":{"strokeDasharray":5},"label":"x","targetHandle":null,"type":"default","source":"e03d89f5-f72d-46a5-92fe-00e9435a65e5","id":"reactflow__edge-e03d89f5-f72d-46a5-92fe-00e9435a65e5onValid-6f73d6a9-68e1-4f16-9a9c-14342329064cnull","labelStyle":{"fontSize":14}},{"sourceHandle":null,"target":"790610e5-73a4-436c-a9df-407fcc92f005","style":{"strokeDasharray":5},"label":"x","targetHandle":"if","type":"default","source":"2dba5d2f-bee8-4810-b99a-0adf70b1730f","id":"ed397fc6-12e0-4b81-b7e1-12c768781c4c","labelStyle":{"fontSize":14}},{"sourceHandle":null,"target":"67d31c3f-2c3e-4cf8-a0ef-6568ebc202d4","style":{"strokeDasharray":5},"label":"x","targetHandle":"if","type":"default","source":"1c6f5273-e767-4de4-92e5-e140f7894a5a","id":"a15b8bbf-e538-4c3b-a969-3a45d05481b7","labelStyle":{"fontSize":14}},{"animated":false,"sourceHandle":null,"target":"6f73d6a9-68e1-4f16-9a9c-14342329064c","style":{"strokeDasharray":5},"label":"x","targetHandle":null,"type":"default","source":"67d31c3f-2c3e-4cf8-a0ef-6568ebc202d4","id":"reactflow__edge-67d31c3f-2c3e-4cf8-a0ef-6568ebc202d4null-6f73d6a9-68e1-4f16-9a9c-14342329064cnull","labelStyle":{"fontSize":14}},{"animated":false,"sourceHandle":"onValid","target":"1c6f5273-e767-4de4-92e5-e140f7894a5a","style":{"strokeDasharray":5},"label":"x","targetHandle":null,"type":"default","source":"790610e5-73a4-436c-a9df-407fcc92f005","id":"reactflow__edge-790610e5-73a4-436c-a9df-407fcc92f005onValid-1c6f5273-e767-4de4-92e5-e140f7894a5anull","labelStyle":{"fontSize":14}}]}}},"modeType":"flow"}],"md":{"text":"הבא","gridArea":"row349","variant":"primary","position":{"left":"unset","top":"0","leftUnit":"px","topUnit":"px","right":"0","bottom":"","transform":"","rightUnit":"px"},"allowProgress":false,"isHidden":false,"tabOrder":"14"},"sm":{"text":"הבא","gridArea":"row349","variant":"primary","position":{"left":"unset","top":"0","leftUnit":"px","topUnit":"px","right":"0","bottom":"","transform":"","rightUnit":"px"},"allowProgress":false,"isHidden":false,"tabOrder":"14"},"type":"redirect","lg":{"text":"הבא","gridArea":"row349","variant":"primary","position":{"left":"unset","top":"0","leftUnit":"px","topUnit":"px","right":"0","bottom":"","transform":"","rightUnit":"px"},"allowProgress":false,"isHidden":false,"tabOrder":"14"},"xs":{"text":"הבא","gridArea":"row349","variant":"primary","position":{"left":null,"top":"0","leftUnit":"px","topUnit":"px","right":"0","bottom":"","transform":"","rightUnit":"px"},"allowProgress":false,"isHidden":false,"tabOrder":"14"},"redirect":{"label":"Other","value":"other"},"customURL":""},"children":[],"parent":"e29"},"e13":{"type":"Typography","props":{"lg":{"text":"טופס העברה בעלות","variant":"title","gridArea":"row376","position":{"rightUnit":"px","maxWidth":"","width":"auto","left":"0","height":84,"widthUnit":"px","leftUnit":"px","bottom":"","heightUnit":"px","maxHeight":"","transform":"","bottomUnit":"px","disableInherit":true,"minWidth":"","top":"0","minWidthUnit":"px","topUnit":"px","minHeight":"","right":"","minHeightUnit":"px"},"isHidden":false},"styleRef":"e325","tag":"שם טופס","md":{"text":"הסרת חסימה משירותי מבוגרים 1919","variant":"title","gridArea":"row376","position":{"rightUnit":"px","maxWidth":"","width":"auto","left":"0","height":53,"widthUnit":"px","leftUnit":"px","bottom":"","heightUnit":"px","maxHeight":"","transform":"","bottomUnit":"px","disableInherit":true,"minWidth":"","top":"0","minWidthUnit":"px","topUnit":"px","minHeight":"","right":"","minHeightUnit":"px"},"isHidden":false},"sml":{"text":"הסרת חסימה משירותי מבוגרים 1919","variant":"title","gridArea":"row376","position":{"rightUnit":"px","maxWidth":"","width":"auto","left":"0","height":53,"widthUnit":"px","leftUnit":"px","bottom":"","heightUnit":"px","maxHeight":"","transform":"","bottomUnit":"px","disableInherit":true,"minWidth":"","top":"0","minWidthUnit":"px","topUnit":"px","minHeight":"","right":"","minHeightUnit":"px"},"isHidden":false},"sm":{"text":"הסרת חסימה משירותי מבוגרים 1919","variant":"title","gridArea":"row376","position":{"rightUnit":"px","maxWidth":"","width":"auto","left":"0","height":53,"widthUnit":"px","leftUnit":"px","bottom":"","heightUnit":"px","maxHeight":"","transform":"","bottomUnit":"px","disableInherit":true,"minWidth":"","top":"0","minWidthUnit":"px","topUnit":"px","minHeight":"","right":"","minHeightUnit":"px"},"isHidden":false},"xs":{"text":"הסרת חסימה משירותי מבוגרים 1919","variant":"title","gridArea":"row376","position":{"rightUnit":"px","maxWidth":"","width":"auto","left":30,"height":53,"widthUnit":"px","leftUnit":"px","bottom":"","heightUnit":"px","maxHeight":"","transform":"","bottomUnit":"px","disableInherit":true,"minWidth":"","top":239,"minWidthUnit":"px","topUnit":"px","minHeight":"","right":"","minHeightUnit":"px"},"isHidden":false},"ss":{"text":"הסרת חסימה משירותי מבוגרים 1919","variant":"title","gridArea":"row376","position":{"rightUnit":"px","maxWidth":"","width":"auto","left":32,"height":53,"widthUnit":"px","leftUnit":"px","bottom":"","heightUnit":"px","maxHeight":"","transform":"","bottomUnit":"px","disableInherit":true,"minWidth":"","top":239,"minWidthUnit":"px","topUnit":"px","minHeight":"","right":"","minHeightUnit":"px"},"isHidden":false}},"children":[],"parent":"e29"},"e57":{"type":"FormField","props":{"ss":{"readOnly":"","variant":"standard","maximumLength":"","isDisabled":"","autoFocus":"","position":{"left":30,"top":0,"topUnit":"px","leftUnit":"px","transform":""},"hideErrorIndicator":false,"visibleRows":"","disableAutoSuggest":"","isShowLabel":true,"value":"069492320","gridArea":"","placeholder":"","hideAsterisk":"","label":"תעודת זהות","isHidden":false,"hideValidIndicator":true,"disallowPaste":"","tabOrder":"2","mandatory":true,"isHaveClearIco":false,"passwordMode":""},"styleRef":"e57","valueRule":[{"uid":"f17a387e-54b0-4004-a895-a7b26029a4d9","conditions":[{"field":{"value":"p2:e57","label":"תעודת זהות","uid":"e57","group":"view:p2","type":"FormField","subType":"text"},"operator":"israelID","valueType":"value","value2Type":"value","value":"","value2":"","bracket":"","post":""},{"field":{"value":"p2:e57","label":"תעודת זהות","uid":"e57","group":"view:p2","type":"FormField","subType":"text"},"operator":"minlength","valueType":"value","value":"9","bracket":"","post":""},{"field":{"value":"p2:e57","label":"תעודת זהות","uid":"e57","group":"view:p2","type":"FormField","subType":"text"},"operator":"maxlength","valueType":"value","value":"9","bracket":"","post":""}],"isAction":false,"message":"מספר ת.ז. חייב להכיל 9 ספרות","name":"בדית מספר זהות"}],"sml":{"readOnly":"","variant":"standard","maximumLength":"","isDisabled":"","autoFocus":"","position":{"left":0,"top":0},"hideErrorIndicator":false,"visibleRows":"","disableAutoSuggest":"","isShowLabel":true,"value":"069492320","gridArea":"","placeholder":"","hideAsterisk":"","label":"תעודת זהות","isHidden":false,"hideValidIndicator":true,"disallowPaste":"","tabOrder":"2","mandatory":true,"isHaveClearIco":false,"passwordMode":""},"md":{"readOnly":"","variant":"standard","maximumLength":"","isDisabled":"","autoFocus":"","position":{"left":0,"top":0},"hideErrorIndicator":false,"visibleRows":"","disableAutoSuggest":"","isShowLabel":true,"value":"069492320","gridArea":"","placeholder":"","hideAsterisk":"","label":"תעודת זהות","isHidden":false,"hideValidIndicator":true,"disallowPaste":"","tabOrder":"2","mandatory":true,"isHaveClearIco":false,"passwordMode":""},"sm":{"readOnly":"","variant":"standard","maximumLength":"","isDisabled":"","autoFocus":"","position":{"left":0,"top":0},"hideErrorIndicator":false,"visibleRows":"","disableAutoSuggest":"","isShowLabel":true,"value":"069492320","gridArea":"","placeholder":"","hideAsterisk":"","label":"תעודת זהות","isHidden":false,"hideValidIndicator":true,"disallowPaste":"","tabOrder":"2","mandatory":true,"isHaveClearIco":false,"passwordMode":""},"tag":"תעודת זהות","lg":{"variant":"standard","position":{"left":0,"top":0},"hideErrorIndicator":false,"value":"069492320","gridArea":"","placeholder":"","label":"תעודת זהות","isHidden":false,"tabOrder":"2","mandatory":true,"isHaveClearIco":false},"xs":{"readOnly":"","variant":"standard","maximumLength":"","isDisabled":"","autoFocus":"","position":{"left":28,"top":0,"topUnit":"px","leftUnit":"px","transform":""},"hideErrorIndicator":false,"visibleRows":"","disableAutoSuggest":"","isShowLabel":true,"value":"069492320","gridArea":"","placeholder":"","hideAsterisk":"","label":"תעודת זהות","isHidden":false,"hideValidIndicator":true,"disallowPaste":"","tabOrder":"2","mandatory":true,"isHaveClearIco":false,"passwordMode":""},"control":"text"},"children":[],"parent":"e29"},"e15":{"type":"FormField","props":{"ss":{"readOnly":false,"variant":"standard","maximumLength":"","isDisabled":false,"isForceLTR":false,"autoFocus":false,"position":{"rightUnit":"px","left":30,"leftUnit":"px","bottom":"unset","transform":"","bottomUnit":"px","top":"0","zIndex":4,"topUnit":"px","right":"unset"},"hideErrorIndicator":false,"isFixedLabel":false,"visibleRows":"","disableAutoSuggest":false,"isShowLabel":true,"userTip":"","allowCharCount":false,"value":"5555","gridArea":"row30","placeholder":"","hideAsterisk":"","label":"שם מלא ","isHidden":false,"hideValidIndicator":true,"disallowPaste":"","tabOrder":"1","mandatory":true,"isHaveClearIco":false,"passwordMode":""},"styleRef":"e15","isHavePrefix":false,"isInvisibleByDefault":false,"sml":{"readOnly":false,"variant":"standard","maximumLength":"","isDisabled":false,"isForceLTR":false,"autoFocus":false,"position":{"rightUnit":"px","left":"0","leftUnit":"px","bottom":"unset","transform":"","bottomUnit":"px","top":"0","zIndex":4,"topUnit":"px","right":"unset"},"hideErrorIndicator":false,"isFixedLabel":false,"visibleRows":"","disableAutoSuggest":false,"isShowLabel":true,"userTip":"","allowCharCount":false,"value":"5555","gridArea":"row30","placeholder":"","hideAsterisk":"","label":"שם מלא ","isHidden":false,"hideValidIndicator":true,"disallowPaste":"","tabOrder":"1","mandatory":true,"isHaveClearIco":false,"passwordMode":""},"md":{"readOnly":false,"variant":"standard","maximumLength":"","isDisabled":false,"isForceLTR":false,"autoFocus":false,"position":{"rightUnit":"px","left":"0","leftUnit":"px","bottom":"unset","transform":"","bottomUnit":"px","top":"0","zIndex":4,"topUnit":"px","right":"unset"},"hideErrorIndicator":false,"isFixedLabel":false,"visibleRows":"","disableAutoSuggest":false,"isShowLabel":true,"userTip":"","allowCharCount":false,"value":"5555","gridArea":"row30","placeholder":"","hideAsterisk":"","label":"שם מלא ","isHidden":false,"hideValidIndicator":true,"disallowPaste":"","tabOrder":"1","mandatory":true,"isHaveClearIco":false,"passwordMode":""},"docGen":{"enable":false},"sm":{"readOnly":false,"variant":"standard","maximumLength":"","isDisabled":false,"isForceLTR":false,"autoFocus":false,"position":{"rightUnit":"px","left":"0","leftUnit":"px","bottom":"unset","transform":"","bottomUnit":"px","top":"0","zIndex":4,"topUnit":"px","right":"unset"},"hideErrorIndicator":false,"isFixedLabel":false,"visibleRows":"","disableAutoSuggest":false,"isShowLabel":true,"userTip":"","allowCharCount":false,"value":"5555","gridArea":"row30","placeholder":"","hideAsterisk":"","label":"שם מלא ","isHidden":false,"hideValidIndicator":true,"disallowPaste":"","tabOrder":"1","mandatory":true,"isHaveClearIco":false,"passwordMode":""},"tag":"שם לקוח פרטי","lg":{"readOnly":false,"variant":"standard","isDisabled":false,"isForceLTR":false,"autoFocus":false,"position":{"rightUnit":"px","left":2,"leftUnit":"px","bottom":"","transform":"","bottomUnit":"px","top":495,"zIndex":4,"topUnit":"px","right":""},"hideErrorIndicator":false,"isFixedLabel":false,"disableAutoSuggest":false,"userTip":"","allowCharCount":false,"value":"שם לקוח","gridArea":"row30","placeholder":"","label":"שם מלא ","isHidden":false,"tabOrder":"1","mandatory":true,"isHaveClearIco":false},"xs":{"readOnly":false,"variant":"standard","maximumLength":"","isDisabled":false,"isForceLTR":false,"autoFocus":false,"position":{"rightUnit":"px","left":28,"leftUnit":"px","bottom":"unset","transform":"","bottomUnit":"px","top":"0","zIndex":4,"topUnit":"px","right":"unset"},"hideErrorIndicator":false,"isFixedLabel":false,"visibleRows":"","disableAutoSuggest":false,"isShowLabel":true,"userTip":"","allowCharCount":false,"value":"5555","gridArea":"row30","placeholder":"","hideAsterisk":"","label":"שם מלא ","isHidden":false,"hideValidIndicator":true,"disallowPaste":"","tabOrder":"1","mandatory":true,"isHaveClearIco":false,"passwordMode":""},"control":"text"},"children":[],"parent":"e29"},"e131":{"type":"FormField","props":{"ss":{"readOnly":"","variant":"standard","maximumLength":"","isDisabled":"","autoFocus":"","position":{"left":2,"top":0,"leftUnit":"px","right":"0","rightUnit":"px","transform":"","topUnit":"px"},"hideErrorIndicator":false,"visibleRows":"","disableAutoSuggest":"","isShowLabel":true,"value":"069492320","placeholder":"","hideAsterisk":"","label":"מספר ח.פ.","isHidden":false,"hideValidIndicator":true,"disallowPaste":"","tabOrder":"7","mandatory":true,"isHaveClearIco":false,"passwordMode":""},"styleRef":"e131","valueRule":[{"uid":"f17a387e-54b0-4004-a895-a7b26029a4d9","conditions":[{"field":{"value":"p2:e131","label":"תעודת זהות","uid":"e131","group":"view:p2","type":"FormField","subType":"text"},"operator":"israelID","valueType":"value","value2Type":"value","value":"","value2":"","bracket":"","post":""},{"field":{"value":"p2:e131","label":"תעודת זהות","uid":"e131","group":"view:p2","type":"FormField","subType":"text"},"operator":"minlength","valueType":"value","value":"9","bracket":"","post":""},{"field":{"value":"p2:e131","label":"תעודת זהות","uid":"e131","group":"view:p2","type":"FormField","subType":"text"},"operator":"maxlength","valueType":"value","value":"9","bracket":"","post":""}],"isAction":false,"message":"מספר ת.ז. חייב להכיל 9 ספרות","name":"בדית מספר זהות"}],"sml":{"readOnly":"","variant":"standard","maximumLength":"","isDisabled":"","autoFocus":"","position":{"left":"unset","top":0,"leftUnit":"px","right":"0","rightUnit":"px","transform":""},"hideErrorIndicator":false,"visibleRows":"","disableAutoSuggest":"","isShowLabel":true,"value":"069492320","placeholder":"","hideAsterisk":"","label":"מספר ח.פ.","isHidden":false,"hideValidIndicator":true,"disallowPaste":"","tabOrder":"7","mandatory":true,"isHaveClearIco":false,"passwordMode":""},"md":{"readOnly":"","variant":"standard","maximumLength":"","isDisabled":"","autoFocus":"","position":{"left":"unset","top":0,"leftUnit":"px","right":"0","rightUnit":"px","transform":""},"hideErrorIndicator":false,"visibleRows":"","disableAutoSuggest":"","isShowLabel":true,"value":"069492320","placeholder":"","hideAsterisk":"","label":"מספר ח.פ.","isHidden":false,"hideValidIndicator":true,"disallowPaste":"","tabOrder":"7","mandatory":true,"isHaveClearIco":false,"passwordMode":""},"sm":{"readOnly":"","variant":"standard","maximumLength":"","isDisabled":"","autoFocus":"","position":{"left":"unset","top":0,"leftUnit":"px","right":"0","rightUnit":"px","transform":""},"hideErrorIndicator":false,"visibleRows":"","disableAutoSuggest":"","isShowLabel":true,"value":"069492320","placeholder":"","hideAsterisk":"","label":"מספר ח.פ.","isHidden":false,"hideValidIndicator":true,"disallowPaste":"","tabOrder":"7","mandatory":true,"isHaveClearIco":false,"passwordMode":""},"tag":"מספר חפ","lg":{"variant":"standard","position":{"left":"unset","top":0,"leftUnit":"px","right":"0","rightUnit":"px","transform":""},"hideErrorIndicator":false,"value":"069492320","placeholder":"","label":"מספר ח.פ.","isHidden":false,"tabOrder":"7","mandatory":true,"isHaveClearIco":false},"xs":{"readOnly":"","variant":"standard","maximumLength":"","isDisabled":"","autoFocus":"","position":{"left":null,"top":0,"leftUnit":"px","right":"0","rightUnit":"px","transform":"","topUnit":"px"},"hideErrorIndicator":false,"visibleRows":"","disableAutoSuggest":"","isShowLabel":true,"value":"069492320","placeholder":"","hideAsterisk":"","label":"מספר ח.פ.","isHidden":false,"hideValidIndicator":true,"disallowPaste":"","tabOrder":"7","mandatory":true,"isHaveClearIco":false,"passwordMode":""},"control":"text"},"children":[],"parent":"e29"},"e29":{"type":"Form","props":{"ss":{"position":{"left":45,"top":32,"leftUnit":"px","topUnit":"px","right":"","bottom":"","transform":"","bottomUnit":"px"},"usePageBreak":false,"isHiddencol":{"2":false},"pageBreak":9,"gridArea":"Col1","cols":"1","isHidden":false,"rows":"18","isDisableParentResize":false,"children":{"row319":{"index":0,"originRow":"row376","children":{"col377":{"index":0,"children":["e13"]}}},"row361":{"index":1,"originRow":"row437","children":{"col438":{"index":0,"children":["e417"]}}},"row450":{"index":15,"originRow":"row358","children":{"col359":{"index":0,"children":["e61"]}}},"row175":{"index":2,"originRow":"row333","children":{"col334":{"index":0,"children":["e432"]}}},"row451":{"index":16,"originRow":"row361","children":{"col362":{"index":0,"children":[]}}},"row452":{"index":17,"originRow":"row349","children":{"col350":{"index":0,"children":["e56"]}}},"row376":{"index":3,"originRow":"row32","children":{"col33":{"index":0,"children":["e15"]}}},"row322":{"index":4,"originRow":"row32","children":{"col37":{"index":1,"children":["e57"]}}},"row333":{"index":5,"originRow":"row34","children":{"col35":{"index":0,"children":["e62"]}}},"row32":{"index":6,"originRow":"row34","children":{"col38":{"index":1,"children":["e19"]}}},"row355":{"index":7,"originRow":"row322","children":{"col323":{"index":0,"children":[]}}},"row34":{"index":8,"originRow":"row319","children":{"col320":{"index":0,"children":["e43"]}}},"row358":{"index":9,"originRow":"row175","children":{"col176":{"index":0,"children":["e41"]}}},"row326":{"index":10,"originRow":"row175","children":{"col177":{"index":1,"children":["e131"]}}},"row437":{"index":11,"originRow":"row326","children":{"col327":{"index":0,"children":["e291"]}}},"row448":{"index":13,"originRow":"row326","children":{"col402":{"index":2,"children":[]}}},"row349":{"index":12,"originRow":"row326","children":{"col328":{"index":1,"children":["e441"]}}},"row449":{"index":14,"originRow":"row355","children":{"col356":{"index":0,"children":[]}}}}},"styleRef":"e29","showSubmitButton":false,"sml":{"position":{"left":24,"top":32,"leftUnit":"px","topUnit":"px","right":"","bottom":"","transform":"","bottomUnit":"px"},"usePageBreak":false,"isHiddencol":{"2":false},"pageBreak":9,"gridArea":"Col1","cols":3,"isHidden":false,"rows":"13","isDisableParentResize":false,"children":{"row319":{"index":6,"children":{"col320":{"index":0,"children":["e43"]},"col321":{"index":1,"children":[]},"col388":{"index":2,"children":[]}},"isMerged":true,"isCustomMerged":false},"row361":{"index":11,"children":{"col362":{"index":0,"children":[]},"col363":{"index":1,"children":[]},"col390":{"index":2,"children":[]}},"isMerged":true,"isCustomMerged":false},"row175":{"index":7,"children":{"col176":{"index":0,"children":["e41"]},"col177":{"index":1,"children":["e131"]},"col391":{"index":2,"children":[],"isHidden":true}},"isCustomMerged":true,"isMerged":false,"mergeList":{"col176":1,"col177":2,"col391":2}},"row376":{"index":0,"children":{"col377":{"index":0,"children":["e13"]},"col378":{"index":1,"children":[]},"col394":{"index":2,"children":[]}},"isMerged":true,"isCustomMerged":false},"row322":{"index":5,"children":{"col323":{"index":0,"children":[]},"col324":{"index":1,"children":[]},"col395":{"index":2,"children":[]}},"isMerged":true,"isCustomMerged":false},"row333":{"index":2,"children":{"col334":{"index":0,"children":["e432"]},"col335":{"index":1,"children":[]},"col396":{"index":2,"children":[]}},"isMerged":true,"isCustomMerged":false},"row32":{"index":3,"children":{"col37":{"index":1,"children":["e17","e134","e57"]},"col33":{"index":0,"children":["e15"]},"col397":{"index":2,"children":[],"isHidden":true}},"isCustomMerged":true,"isMerged":false,"mergeList":{"col33":1,"col37":2,"col397":2}},"row355":{"index":9,"children":{"col356":{"index":0,"children":[]},"col357":{"index":1,"children":[]},"col398":{"index":2,"children":[]}},"isMerged":true,"isCustomMerged":false},"row34":{"index":4,"children":{"col38":{"index":1,"children":["e19","e63"]},"col35":{"index":0,"children":["e18","e62"]},"col399":{"index":2,"children":[]}},"isCustomMerged":true,"isMerged":false,"mergeList":{"col35":1,"col38":2,"col399":2}},"row358":{"index":10,"children":{"col359":{"index":0,"children":["e61"]},"col360":{"index":1,"children":[]},"col401":{"index":2,"children":[]}},"isMerged":true,"isCustomMerged":false},"row326":{"index":8,"children":{"col327":{"index":0,"children":["e291"]},"col328":{"index":1,"children":["e441"]},"col402":{"index":2,"children":[]}},"isMerged":false,"isCustomMerged":false},"row437":{"index":1,"children":{"col438":{"index":0,"children":["e417"]},"col439":{"index":1,"children":[]},"col440":{"index":2,"children":[]}},"isMerged":true,"isCustomMerged":false},"row349":{"index":12,"children":{"col350":{"index":0,"children":["e56"]},"col351":{"index":1,"children":[]},"col403":{"index":2,"children":[]}},"isMerged":true,"isCustomMerged":false}}},"md":{"position":{"left":19,"top":32,"leftUnit":"px","topUnit":"px","right":"","bottom":"","transform":"","bottomUnit":"px"},"usePageBreak":false,"isHiddencol":{"2":false},"pageBreak":9,"gridArea":"Col1","cols":3,"isHidden":false,"rows":"13","isDisableParentResize":false,"children":{"row319":{"index":6,"children":{"col320":{"index":0,"children":["e43"]},"col321":{"index":1,"children":[]},"col388":{"index":2,"children":[]}},"isMerged":true,"isCustomMerged":false},"row361":{"index":11,"children":{"col362":{"index":0,"children":[]},"col363":{"index":1,"children":[]},"col390":{"index":2,"children":[]}},"isMerged":true,"isCustomMerged":false},"row175":{"index":7,"children":{"col176":{"index":0,"children":["e41"]},"col177":{"index":1,"children":["e131"]},"col391":{"index":2,"children":[],"isHidden":true}},"isCustomMerged":true,"isMerged":false,"mergeList":{"col176":1,"col177":2,"col391":2}},"row376":{"index":0,"children":{"col377":{"index":0,"children":["e13"]},"col378":{"index":1,"children":[]},"col394":{"index":2,"children":[]}},"isMerged":true,"isCustomMerged":false},"row322":{"index":5,"children":{"col323":{"index":0,"children":[]},"col324":{"index":1,"children":[]},"col395":{"index":2,"children":[]}},"isMerged":true,"isCustomMerged":false},"row333":{"index":2,"children":{"col334":{"index":0,"children":["e432"]},"col335":{"index":1,"children":[]},"col396":{"index":2,"children":[]}},"isMerged":true,"isCustomMerged":false},"row32":{"index":3,"children":{"col37":{"index":1,"children":["e17","e134","e57"]},"col33":{"index":0,"children":["e15"]},"col397":{"index":2,"children":[],"isHidden":true}},"isCustomMerged":true,"isMerged":false,"mergeList":{"col33":1,"col37":2,"col397":2}},"row355":{"index":9,"children":{"col356":{"index":0,"children":[]},"col357":{"index":1,"children":[]},"col398":{"index":2,"children":[]}},"isMerged":true,"isCustomMerged":false},"row34":{"index":4,"children":{"col38":{"index":1,"children":["e19","e63"]},"col35":{"index":0,"children":["e18","e62"]},"col399":{"index":2,"children":[]}},"isCustomMerged":true,"isMerged":false,"mergeList":{"col35":1,"col38":2,"col399":2}},"row358":{"index":10,"children":{"col359":{"index":0,"children":["e61"]},"col360":{"index":1,"children":[]},"col401":{"index":2,"children":[]}},"isMerged":true,"isCustomMerged":false},"row326":{"index":8,"children":{"col327":{"index":0,"children":["e291"]},"col328":{"index":1,"children":["e441"]},"col402":{"index":2,"children":[]}},"isMerged":false,"isCustomMerged":false},"row437":{"index":1,"children":{"col438":{"index":0,"children":["e417"]},"col439":{"index":1,"children":[]},"col440":{"index":2,"children":[]}},"isMerged":true,"isCustomMerged":false},"row349":{"index":12,"children":{"col350":{"index":0,"children":["e56"]},"col351":{"index":1,"children":[]},"col403":{"index":2,"children":[]}},"isMerged":true,"isCustomMerged":false}}},"sm":{"position":{"left":45,"top":32,"leftUnit":"px","topUnit":"px","right":"","bottom":"","transform":"","bottomUnit":"px"},"usePageBreak":false,"isHiddencol":{"2":false},"pageBreak":9,"gridArea":"Col1","cols":"1","isHidden":false,"rows":"18","isDisableParentResize":false,"children":{"row319":{"index":0,"originRow":"row376","children":{"col377":{"index":0,"children":["e13"]}}},"row361":{"index":1,"originRow":"row437","children":{"col438":{"index":0,"children":["e417"]}}},"row450":{"index":15,"originRow":"row358","children":{"col359":{"index":0,"children":["e61"]}}},"row175":{"index":2,"originRow":"row333","children":{"col334":{"index":0,"children":["e432"]}}},"row451":{"index":16,"originRow":"row361","children":{"col362":{"index":0,"children":[]}}},"row452":{"index":17,"originRow":"row349","children":{"col350":{"index":0,"children":["e56"]}}},"row376":{"index":3,"originRow":"row32","children":{"col33":{"index":0,"children":["e15"]}}},"row322":{"index":4,"originRow":"row32","children":{"col37":{"index":1,"children":["e57"]}}},"row333":{"index":5,"originRow":"row34","children":{"col35":{"index":0,"children":["e62"]}}},"row32":{"index":6,"originRow":"row34","children":{"col38":{"index":1,"children":["e19"]}}},"row355":{"index":7,"originRow":"row322","children":{"col323":{"index":0,"children":[]}}},"row34":{"index":8,"originRow":"row319","children":{"col320":{"index":0,"children":["e43"]}}},"row358":{"index":9,"originRow":"row175","children":{"col176":{"index":0,"children":["e41"]}}},"row326":{"index":10,"originRow":"row175","children":{"col177":{"index":1,"children":["e131"]}}},"row437":{"index":11,"originRow":"row326","children":{"col327":{"index":0,"children":["e291"]}}},"row448":{"index":13,"originRow":"row326","children":{"col402":{"index":2,"children":[]}}},"row349":{"index":12,"originRow":"row326","children":{"col328":{"index":1,"children":["e441"]}}},"row449":{"index":14,"originRow":"row355","children":{"col356":{"index":0,"children":[]}}}}},"tag":"פרטי לקוח","lg":{"position":{"left":0,"top":39,"leftUnit":"px","topUnit":"px","right":"","bottom":"","transform":"","bottomUnit":"px"},"usePageBreak":false,"isHiddencol":{"2":false},"pageBreak":9,"gridArea":"Col1","cols":3,"isHidden":false,"rows":13,"isDisableParentResize":false,"children":{"row319":{"index":6,"children":{"col320":{"index":0,"children":["e43","e458"]},"col321":{"index":1,"children":[]},"col388":{"index":2,"children":[]}},"isMerged":true,"isCustomMerged":false},"row361":{"index":11,"children":{"col362":{"index":0,"children":[]},"col363":{"index":1,"children":[]},"col390":{"index":2,"children":[]}},"isMerged":true,"isCustomMerged":false},"row175":{"index":7,"children":{"col176":{"index":0,"children":["e41"]},"col177":{"index":1,"children":["e131"]},"col391":{"index":2,"children":[],"isHidden":true}},"isCustomMerged":true,"isMerged":false,"mergeList":{"col176":1,"col177":2,"col391":2}},"row453":{"index":2,"children":{"col454":{"index":0,"children":[]},"col455":{"index":1,"children":[]},"col456":{"index":2,"children":[]}},"isMerged":true,"isCustomMerged":false},"row376":{"index":0,"children":{"col377":{"index":0,"children":["e13","e432"]},"col378":{"index":1,"children":[]},"col394":{"index":2,"children":[]}},"isMerged":true,"isCustomMerged":false},"row333":{"index":3,"children":{"col334":{"index":0,"children":["e457","e417"]},"col335":{"index":1,"children":[]},"col396":{"index":2,"children":[]}},"isMerged":true,"isCustomMerged":false},"row32":{"index":4,"children":{"col37":{"index":1,"children":["e17","e134","e57"]},"col33":{"index":0,"children":["e15"]},"col397":{"index":2,"children":[],"isHidden":true}},"isCustomMerged":true,"isMerged":false,"mergeList":{"col33":1,"col37":2,"col397":2}},"row355":{"index":9,"children":{"col356":{"index":0,"children":[]},"col357":{"index":1,"children":[]},"col398":{"index":2,"children":[]}},"isMerged":true,"isCustomMerged":false},"row34":{"index":5,"children":{"col38":{"index":1,"children":["e63","e19"]},"col35":{"index":0,"children":["e18"]},"col399":{"index":2,"children":[]}},"isCustomMerged":true,"isMerged":false,"mergeList":{"col35":1,"col38":2,"col399":2}},"row358":{"index":10,"children":{"col359":{"index":0,"children":["e61"]},"col360":{"index":1,"children":[]},"col401":{"index":2,"children":[]}},"isMerged":true,"isCustomMerged":false},"row326":{"index":8,"children":{"col327":{"index":0,"children":["e291"]},"col328":{"index":1,"children":["e441"]},"col402":{"index":2,"children":[]}},"isMerged":false,"isCustomMerged":true,"mergeList":{"col327":1,"col328":2,"col402":2}},"row437":{"index":1,"children":{"col438":{"index":0,"children":["e62"]},"col439":{"index":1,"children":[]},"col440":{"index":2,"children":[]}},"isMerged":true,"isCustomMerged":false},"row349":{"index":12,"children":{"col350":{"index":0,"children":["e56"]},"col351":{"index":1,"children":[]},"col403":{"index":2,"children":[]}},"isMerged":true,"isCustomMerged":false}}},"xs":{"position":{"left":45,"top":32,"leftUnit":"px","topUnit":"px","right":"","bottom":"","transform":"","bottomUnit":"px"},"usePageBreak":false,"isHiddencol":{"2":false},"pageBreak":9,"gridArea":"Col1","cols":"1","isHidden":false,"rows":"18","isDisableParentResize":false,"children":{"row319":{"index":0,"originRow":"row376","children":{"col377":{"index":0,"children":["e13"]}}},"row361":{"index":1,"originRow":"row437","children":{"col438":{"index":0,"children":["e417"]}}},"row450":{"index":15,"originRow":"row358","children":{"col359":{"index":0,"children":["e61"]}}},"row175":{"index":2,"originRow":"row333","children":{"col334":{"index":0,"children":["e432"]}}},"row451":{"index":16,"originRow":"row361","children":{"col362":{"index":0,"children":[]}}},"row452":{"index":17,"originRow":"row349","children":{"col350":{"index":0,"children":["e56"]}}},"row376":{"index":3,"originRow":"row32","children":{"col33":{"index":0,"children":["e15"]}}},"row322":{"index":4,"originRow":"row32","children":{"col37":{"index":1,"children":["e57"]}}},"row333":{"index":5,"originRow":"row34","children":{"col35":{"index":0,"children":["e62"]}}},"row32":{"index":6,"originRow":"row34","children":{"col38":{"index":1,"children":["e19"]}}},"row355":{"index":7,"originRow":"row322","children":{"col323":{"index":0,"children":[]}}},"row34":{"index":8,"originRow":"row319","children":{"col320":{"index":0,"children":["e43"]}}},"row358":{"index":9,"originRow":"row175","children":{"col176":{"index":0,"children":["e41"]}}},"row326":{"index":10,"originRow":"row175","children":{"col177":{"index":1,"children":["e131"]}}},"row437":{"index":11,"originRow":"row326","children":{"col327":{"index":0,"children":["e291"]}}},"row448":{"index":13,"originRow":"row326","children":{"col402":{"index":2,"children":[]}}},"row349":{"index":12,"originRow":"row326","children":{"col328":{"index":1,"children":["e441"]}}},"row449":{"index":14,"originRow":"row355","children":{"col356":{"index":0,"children":[]}}}}}},"children":["e15","e19","e57","e62","e41","e131","e291","e61","e56","e13","e432","e417","e441","e457","e458"],"parent":"s1"},"e441":{"type":"FormField","props":{"ss":{"readOnly":"","variant":"standard","maximumLength":"","isDisabled":"","autoFocus":"","position":{"rightUnit":"px","left":30,"leftUnit":"px","bottom":"unset","transform":"","bottomUnit":"px","top":0,"zIndex":1,"topUnit":"px","right":"unset"},"hideErrorIndicator":false,"visibleRows":"","disableAutoSuggest":"","isShowLabel":true,"value":"noone@gmail.com","placeholder":"","hideAsterisk":"","label":"דואר אלקטרוני ","isHidden":false,"hideValidIndicator":true,"disallowPaste":"","tabOrder":"4","mandatory":true},"styleRef":"e441","sml":{"readOnly":"","variant":"standard","maximumLength":"","isDisabled":"","autoFocus":"","position":{"rightUnit":"px","left":0,"leftUnit":"px","bottom":"unset","transform":"","bottomUnit":"px","top":0,"zIndex":1,"topUnit":"px","right":"unset"},"hideErrorIndicator":false,"visibleRows":"","disableAutoSuggest":"","isShowLabel":true,"value":"noone@gmail.com","placeholder":"","hideAsterisk":"","label":"דואר אלקטרוני ","isHidden":false,"hideValidIndicator":true,"disallowPaste":"","tabOrder":"4","mandatory":true},"md":{"readOnly":"","variant":"standard","maximumLength":"","isDisabled":"","autoFocus":"","position":{"rightUnit":"px","left":0,"leftUnit":"px","bottom":"unset","transform":"","bottomUnit":"px","top":0,"zIndex":1,"topUnit":"px","right":"unset"},"hideErrorIndicator":false,"visibleRows":"","disableAutoSuggest":"","isShowLabel":true,"value":"noone@gmail.com","placeholder":"","hideAsterisk":"","label":"דואר אלקטרוני ","isHidden":false,"hideValidIndicator":true,"disallowPaste":"","tabOrder":"4","mandatory":true},"sm":{"readOnly":"","variant":"standard","maximumLength":"","isDisabled":"","autoFocus":"","position":{"rightUnit":"px","left":0,"leftUnit":"px","bottom":"unset","transform":"","bottomUnit":"px","top":0,"zIndex":1,"topUnit":"px","right":"unset"},"hideErrorIndicator":false,"visibleRows":"","disableAutoSuggest":"","isShowLabel":true,"value":"noone@gmail.com","placeholder":"","hideAsterisk":"","label":"דואר אלקטרוני ","isHidden":false,"hideValidIndicator":true,"disallowPaste":"","tabOrder":"4","mandatory":true},"tag":"דואר אלקטרוני","lg":{"variant":"standard","position":{"rightUnit":"px","left":0,"leftUnit":"px","bottom":"","transform":"","bottomUnit":"px","top":0,"zIndex":1,"topUnit":"px","right":""},"hideErrorIndicator":false,"value":"valeryb@pelephone.co.il","placeholder":"","label":"דואר אלקטרוני ","isHidden":false,"tabOrder":"4","mandatory":true},"xs":{"readOnly":"","variant":"standard","maximumLength":"","isDisabled":"","autoFocus":"","position":{"rightUnit":"px","left":28,"leftUnit":"px","bottom":"unset","transform":"","bottomUnit":"px","top":0,"zIndex":1,"topUnit":"px","right":"unset"},"hideErrorIndicator":false,"visibleRows":"","disableAutoSuggest":"","isShowLabel":true,"value":"noone@gmail.com","placeholder":"","hideAsterisk":"","label":"דואר אלקטרוני ","isHidden":false,"hideValidIndicator":true,"disallowPaste":"","tabOrder":"4","mandatory":true},"control":"email","comment":""},"children":[],"parent":"e29"},"e19":{"type":"FormField","props":{"ss":{"readOnly":"","variant":"standard","maximumLength":"","isDisabled":"","autoFocus":"","position":{"rightUnit":"px","left":30,"leftUnit":"px","bottom":"unset","transform":"","bottomUnit":"px","top":"0","zIndex":1,"topUnit":"px","right":"unset"},"hideErrorIndicator":false,"visibleRows":"","disableAutoSuggest":"","isShowLabel":true,"value":"noone@gmail.com","gridArea":"row34","placeholder":"","hideAsterisk":"","label":"דואר אלקטרוני ","isHidden":false,"hideValidIndicator":true,"disallowPaste":"","tabOrder":"4","mandatory":true},"styleRef":"e19","sml":{"readOnly":"","variant":"standard","maximumLength":"","isDisabled":"","autoFocus":"","position":{"rightUnit":"px","left":"0","leftUnit":"px","bottom":"unset","transform":"","bottomUnit":"px","top":"0","zIndex":1,"topUnit":"px","right":"unset"},"hideErrorIndicator":false,"visibleRows":"","disableAutoSuggest":"","isShowLabel":true,"value":"noone@gmail.com","gridArea":"row34","placeholder":"","hideAsterisk":"","label":"דואר אלקטרוני ","isHidden":false,"hideValidIndicator":true,"disallowPaste":"","tabOrder":"4","mandatory":true},"md":{"readOnly":"","variant":"standard","maximumLength":"","isDisabled":"","autoFocus":"","position":{"rightUnit":"px","left":"0","leftUnit":"px","bottom":"unset","transform":"","bottomUnit":"px","top":"0","zIndex":1,"topUnit":"px","right":"unset"},"hideErrorIndicator":false,"visibleRows":"","disableAutoSuggest":"","isShowLabel":true,"value":"noone@gmail.com","gridArea":"row34","placeholder":"","hideAsterisk":"","label":"דואר אלקטרוני ","isHidden":false,"hideValidIndicator":true,"disallowPaste":"","tabOrder":"4","mandatory":true},"sm":{"readOnly":"","variant":"standard","maximumLength":"","isDisabled":"","autoFocus":"","position":{"rightUnit":"px","left":"0","leftUnit":"px","bottom":"unset","transform":"","bottomUnit":"px","top":"0","zIndex":1,"topUnit":"px","right":"unset"},"hideErrorIndicator":false,"visibleRows":"","disableAutoSuggest":"","isShowLabel":true,"value":"noone@gmail.com","gridArea":"row34","placeholder":"","hideAsterisk":"","label":"דואר אלקטרוני ","isHidden":false,"hideValidIndicator":true,"disallowPaste":"","tabOrder":"4","mandatory":true},"tag":"דואר אלקטרוני לקוח פרטי","lg":{"variant":"standard","position":{"rightUnit":"px","left":"0","leftUnit":"px","bottom":"unset","transform":"","bottomUnit":"px","top":"0","zIndex":1,"topUnit":"px","right":"unset"},"hideErrorIndicator":false,"value":"valeryb@pelephone.co.il","gridArea":"row34","placeholder":"","label":"דואר אלקטרוני ","isHidden":false,"tabOrder":"4","mandatory":true},"xs":{"readOnly":"","variant":"standard","maximumLength":"","isDisabled":"","autoFocus":"","position":{"rightUnit":"px","left":28,"leftUnit":"px","bottom":"unset","transform":"","bottomUnit":"px","top":"0","zIndex":1,"topUnit":"px","right":"unset"},"hideErrorIndicator":false,"visibleRows":"","disableAutoSuggest":"","isShowLabel":true,"value":"noone@gmail.com","gridArea":"row34","placeholder":"","hideAsterisk":"","label":"דואר אלקטרוני ","isHidden":false,"hideValidIndicator":true,"disallowPaste":"","tabOrder":"4","mandatory":true},"control":"email"},"children":[],"parent":"e29"},"e432":{"type":"Typography","props":{"lg":{"text":"פרטי הבקשה","variant":"subhead","position":{"rightUnit":"px","maxWidth":"","width":"auto","left":0,"height":30,"widthUnit":"px","leftUnit":"px","bottom":"","heightUnit":"px","transform":"","disableInherit":true,"minWidth":"","top":0,"zIndex":5,"minWidthUnit":"px","topUnit":"px","right":""},"isHidden":false},"styleRef":"e318","tag":"מקטע לקוח פרטי","md":{"text":"פרטי לקוח פרטי","variant":"subhead","position":{"rightUnit":"px","maxWidth":"","width":"auto","left":0,"height":30,"widthUnit":"px","leftUnit":"px","bottom":"","heightUnit":"px","transform":"","disableInherit":true,"minWidth":"","top":0,"zIndex":5,"minWidthUnit":"px","topUnit":"px","right":""},"isHidden":false},"sml":{"text":"פרטי לקוח פרטי","variant":"subhead","position":{"rightUnit":"px","maxWidth":"","width":"auto","left":0,"height":30,"widthUnit":"px","leftUnit":"px","bottom":"","heightUnit":"px","transform":"","disableInherit":true,"minWidth":"","top":0,"zIndex":5,"minWidthUnit":"px","topUnit":"px","right":""},"isHidden":false},"sm":{"text":"פרטי לקוח פרטי","variant":"subhead","position":{"rightUnit":"px","maxWidth":"","width":"auto","left":0,"height":30,"widthUnit":"px","leftUnit":"px","bottom":"","heightUnit":"px","transform":"","disableInherit":true,"minWidth":"","top":0,"zIndex":5,"minWidthUnit":"px","topUnit":"px","right":""},"isHidden":false},"xs":{"text":"פרטי לקוח פרטי","variant":"subhead","position":{"rightUnit":"px","maxWidth":"","width":"auto","left":30,"height":30,"widthUnit":"px","leftUnit":"px","bottom":"","heightUnit":"px","transform":"","disableInherit":true,"minWidth":"","top":312,"zIndex":5,"minWidthUnit":"px","topUnit":"px","right":""},"isHidden":false},"ss":{"text":"פרטי לקוח פרטי","variant":"subhead","position":{"rightUnit":"px","maxWidth":"","width":"auto","left":32,"height":30,"widthUnit":"px","leftUnit":"px","bottom":"","heightUnit":"px","transform":"","disableInherit":true,"minWidth":"","top":312,"zIndex":5,"minWidthUnit":"px","topUnit":"px","right":""},"isHidden":false}},"children":[],"parent":"e29"},"e457":{"type":"Typography","props":{"lg":{"text":"פרטי הלקוח ממנו עובר המנוי","variant":"subhead","position":{"rightUnit":"px","maxWidth":"","width":"auto","left":0,"height":30,"widthUnit":"px","leftUnit":"px","bottom":"","heightUnit":"px","transform":"","disableInherit":true,"minWidth":"","top":0,"zIndex":5,"minWidthUnit":"px","topUnit":"px","right":""},"isHidden":false,"gridArea":"Col1"},"styleRef":"e318","tag":"מקטע לקוח פרטי","md":{"text":"פרטי לקוח פרטי","variant":"subhead","position":{"rightUnit":"px","maxWidth":"","width":"auto","left":0,"height":30,"widthUnit":"px","leftUnit":"px","bottom":"","heightUnit":"px","transform":"","disableInherit":true,"minWidth":"","top":0,"zIndex":5,"minWidthUnit":"px","topUnit":"px","right":""},"isHidden":false},"sml":{"text":"פרטי לקוח פרטי","variant":"subhead","position":{"rightUnit":"px","maxWidth":"","width":"auto","left":0,"height":30,"widthUnit":"px","leftUnit":"px","bottom":"","heightUnit":"px","transform":"","disableInherit":true,"minWidth":"","top":0,"zIndex":5,"minWidthUnit":"px","topUnit":"px","right":""},"isHidden":false},"sm":{"text":"פרטי לקוח פרטי","variant":"subhead","position":{"rightUnit":"px","maxWidth":"","width":"auto","left":0,"height":30,"widthUnit":"px","leftUnit":"px","bottom":"","heightUnit":"px","transform":"","disableInherit":true,"minWidth":"","top":0,"zIndex":5,"minWidthUnit":"px","topUnit":"px","right":""},"isHidden":false},"xs":{"text":"פרטי לקוח פרטי","variant":"subhead","position":{"rightUnit":"px","maxWidth":"","width":"auto","left":30,"height":30,"widthUnit":"px","leftUnit":"px","bottom":"","heightUnit":"px","transform":"","disableInherit":true,"minWidth":"","top":352,"zIndex":5,"minWidthUnit":"px","topUnit":"px","right":""},"isHidden":false},"ss":{"text":"פרטי לקוח פרטי","variant":"subhead","position":{"rightUnit":"px","maxWidth":"","width":"auto","left":32,"height":30,"widthUnit":"px","leftUnit":"px","bottom":"","heightUnit":"px","transform":"","disableInherit":true,"minWidth":"","top":352,"zIndex":5,"minWidthUnit":"px","topUnit":"px","right":""},"isHidden":false}},"children":[],"parent":"e29"},"e458":{"type":"FormField","props":{"ss":{"items":"","variant":"column","maximumLength":"","isDisabled":"","isDistinct":"","isRandomize":"","position":{"left":32,"top":402,"leftUnit":"px","transform":"","right":"","topUnit":"px"},"hideErrorIndicator":false,"visibleRows":"","isShowLabel":true,"value":"פרטי","gridArea":"row437","placeholder":"Radio field","hideAsterisk":"","label":"סוג לקוח","isHidden":false,"hideValidIndicator":true,"tabOrder":"2","mandatory":true},"items":[{"label":"כרטיס אשראי","value":"כרטיס","uid":"b0eb88d4-4944-43b7-b1eb-e657a5cfb8a9"},{"label":"הוראת קבע","value":"בנק","uid":"f99b25ec-c8c3-49d3-93ea-e4c04b261374"}],"styleRef":"e458","sml":{"items":"","variant":"column","maximumLength":"","isDisabled":"","isDistinct":"","isRandomize":"","position":{"left":0,"top":0,"leftUnit":"px","transform":"","right":""},"hideErrorIndicator":false,"visibleRows":"","isShowLabel":true,"value":"פרטי","gridArea":"row437","placeholder":"Radio field","hideAsterisk":"","label":"סוג לקוח","isHidden":false,"hideValidIndicator":true,"tabOrder":"2","mandatory":true},"md":{"items":"","variant":"column","maximumLength":"","isDisabled":"","isDistinct":"","isRandomize":"","position":{"left":0,"top":0,"leftUnit":"px","transform":"","right":""},"hideErrorIndicator":false,"visibleRows":"","isShowLabel":true,"value":"פרטי","gridArea":"row437","placeholder":"Radio field","hideAsterisk":"","label":"סוג לקוח","isHidden":false,"hideValidIndicator":true,"tabOrder":"2","mandatory":true},"sm":{"items":"","variant":"column","maximumLength":"","isDisabled":"","isDistinct":"","isRandomize":"","position":{"left":0,"top":0,"leftUnit":"px","transform":"","right":""},"hideErrorIndicator":false,"visibleRows":"","isShowLabel":true,"value":"פרטי","gridArea":"row437","placeholder":"Radio field","hideAsterisk":"","label":"סוג לקוח","isHidden":false,"hideValidIndicator":true,"tabOrder":"2","mandatory":true},"source":"static","lg":{"variant":"column","position":{"left":0,"top":0,"leftUnit":"px","transform":"","right":""},"hideErrorIndicator":false,"value":"כרטיס","gridArea":"Col1","placeholder":"Radio field","label":"אמצעי תשלום המעודכן בפלאפון","isHidden":false,"tabOrder":"2","mandatory":true},"xs":{"items":"","variant":"column","maximumLength":"","isDisabled":"","isDistinct":"","isRandomize":"","position":{"left":30,"top":402,"leftUnit":"px","transform":"","right":"","topUnit":"px"},"hideErrorIndicator":false,"visibleRows":"","isShowLabel":true,"value":"פרטי","gridArea":"row437","placeholder":"Radio field","hideAsterisk":"","label":"סוג לקוח","isHidden":false,"hideValidIndicator":true,"tabOrder":"2","mandatory":true},"control":"radio"},"children":[],"parent":"e29"},"e417":{"type":"FormField","props":{"ss":{"items":"","variant":"column","maximumLength":"","isDisabled":"","isDistinct":"","isRandomize":"","position":{"left":32,"top":362,"leftUnit":"px","transform":"","right":"","topUnit":"px"},"hideErrorIndicator":false,"visibleRows":"","isShowLabel":true,"value":"פרטי","gridArea":"row437","placeholder":"Radio field","hideAsterisk":"","label":"סוג לקוח","isHidden":false,"hideValidIndicator":true,"tabOrder":"2","mandatory":true},"items":[{"label":"פרט","value":"פרטי","uid":"b0eb88d4-4944-43b7-b1eb-e657a5cfb8a9"},{"label":"עוסק מורשה","value":"מורשה","uid":"f99b25ec-c8c3-49d3-93ea-e4c04b261374"},{"label":"חברה בע\"מ","value":"חברה","uid":"125a90fa-f877-4901-b04a-d10eac8e26a4"}],"styleRef":"e417","sml":{"items":"","variant":"column","maximumLength":"","isDisabled":"","isDistinct":"","isRandomize":"","position":{"left":0,"top":0,"leftUnit":"px","transform":"","right":""},"hideErrorIndicator":false,"visibleRows":"","isShowLabel":true,"value":"פרטי","gridArea":"row437","placeholder":"Radio field","hideAsterisk":"","label":"סוג לקוח","isHidden":false,"hideValidIndicator":true,"tabOrder":"2","mandatory":true},"md":{"items":"","variant":"column","maximumLength":"","isDisabled":"","isDistinct":"","isRandomize":"","position":{"left":0,"top":0,"leftUnit":"px","transform":"","right":""},"hideErrorIndicator":false,"visibleRows":"","isShowLabel":true,"value":"פרטי","gridArea":"row437","placeholder":"Radio field","hideAsterisk":"","label":"סוג לקוח","isHidden":false,"hideValidIndicator":true,"tabOrder":"2","mandatory":true},"sm":{"items":"","variant":"column","maximumLength":"","isDisabled":"","isDistinct":"","isRandomize":"","position":{"left":0,"top":0,"leftUnit":"px","transform":"","right":""},"hideErrorIndicator":false,"visibleRows":"","isShowLabel":true,"value":"פרטי","gridArea":"row437","placeholder":"Radio field","hideAsterisk":"","label":"סוג לקוח","isHidden":false,"hideValidIndicator":true,"tabOrder":"2","mandatory":true},"source":"static","lg":{"variant":"column","position":{"left":0,"top":0,"leftUnit":"px","transform":"","right":""},"hideErrorIndicator":false,"value":"פרטי","gridArea":"row437","placeholder":"Radio field","label":"סוג לקוח","isHidden":false,"tabOrder":"2","mandatory":true},"xs":{"items":"","variant":"column","maximumLength":"","isDisabled":"","isDistinct":"","isRandomize":"","position":{"left":30,"top":362,"leftUnit":"px","transform":"","right":"","topUnit":"px"},"hideErrorIndicator":false,"visibleRows":"","isShowLabel":true,"value":"פרטי","gridArea":"row437","placeholder":"Radio field","hideAsterisk":"","label":"סוג לקוח","isHidden":false,"hideValidIndicator":true,"tabOrder":"2","mandatory":true},"control":"radio"},"children":[],"parent":"e29"},"s47":{"type":"Strip","props":{"styleRef":"s47","tag":"חתימה","md":{"isHidden":false},"sml":{"isHidden":false},"sm":{"isHidden":false},"xs":{"isHidden":false},"ss":{"isHidden":false}},"children":["fit_s47_Col1"],"parent":null},"s1":{"type":"Strip","props":{"ss":{"isHidden":false,"isHiddenCol1":false},"styleRef":"s1","sml":{"isHidden":false,"isHiddenCol1":false},"md":{"isHidden":false,"isHiddenCol1":false},"sm":{"isHidden":false,"isHiddenCol1":false},"tag":"מקטע ראשי","lg":{"isHidden":false,"isHiddenCol1":false},"xs":{"isHidden":false,"isHiddenCol1":false},"comment":""},"children":["e29","fit_s1_Col1"],"parent":null}},"TabOrder":"custom","isHideHeader":{"xs":false,"ss":false,"md":false,"sml":false,"sm":false},"isConfiguredAutoFit":{"xs":false,"ss":false,"md":false,"sml":false,"sm":false},"IsConfiguredDevice":{"xs":true,"ss":true,"md":true,"lg":true,"sml":true,"sm":true}},"IsDisabled":false,"isPublic":true,"URL":"ft26b99a5a89d947f1b213e6df120f7f72","Description":"","Version":0,"ProjectID":"63b573baff620014ae04e9e2","isCachedCDN":"4.18.1","__v":0,"CreatedAt":"2023-01-04T12:40:26.990Z"}